date,race_id,race_name,honmei_num,honmei_name,honmei_prob,is_buy,skip_reason,tansho_hit,tansho_ret,umatan_str,umatan_hit,umatan_ret,taikou_prob,gap,mark
2026-03-19,202642031901,3歳六,10,シンエンコゲツ,0.152,False,,,,,,,,,
2026-03-19,202642031902,特選(C3),2,パレルモフレイバー,0.202,False,,,,,,,,,
2026-03-19,202642031903,3歳五,1,チャーミングウェイ,0.165,False,,,,,,,,,
2026-03-19,202642031904,C2八九,6,ジーティーアムール,0.275,True,,True,130,"6→7,6→8,6→4",True,380,,,
2026-03-19,202642031905,C2八九,5,ジーティースワット,0.341,True,,True,110,"5→9,5→3,5→7",False,0,,,
2026-03-19,202642031906,C1五,3,モウ,0.149,False,,,,,,,,,
2026-03-19,202642031907,特選(C2),3,ユウユウプレゼンス,0.184,False,,,,,,,,,
2026-03-19,202642031908,ブラッドストーン特別(C1),13,ノーザトゥルース,0.266,False,,,,,,,,,
2026-03-19,202642031909,ツインシャイン特別(3歳),7,レジーナテンペスタ,0.212,False,,,,,,,,,
2026-03-19,202642031910,’26 ティアラカップ(A2),2,コアリオ,0.196,False,,,,,,,,,
2026-03-19,202642031911,埼玉の酪農応援賞 特別(B2B3),8,シェナウエーブ,0.235,False,,,,,,,,,
2026-03-19,202642031912,春の夢特別(C3),6,マーニク,0.057,False,,,,,,,,,
2026-03-20,202642032001,浦和800ラウンド(C3),3,ピノヌイ,0.09,False,,,,,,,,,
2026-03-20,202642032002,浦和800ラウンド(C2C3),1,トーアローダンテ,0.175,False,,,,,,,,,
2026-03-20,202642032003,3歳八,8,ウェーブスリープス,0.197,False,,,,,,,,,
2026-03-20,202642032004,3歳七,3,ミライヲプラスニ,0.305,True,,False,0,"3→6,3→5,3→8",False,0,,,
2026-03-20,202642032005,桜のまち幸手賞(C1),9,シエルラビクトア,0.119,False,,,,,,,,,
2026-03-20,202642032006,浦和競馬公式ファンクラブ賞(C3),2,インベンション,0.058,False,,,,,,,,,
2026-03-20,202642032007,特選(C3),10,マロンルピナス,0.09,False,,,,,,,,,
2026-03-20,202642032008,スイートピー特別(C1C2),13,ジーティーエンジン,0.257,True,,True,140,"13→1,13→8,13→6",True,800,,,
2026-03-20,202642032009,若草特別(3歳),8,ドリームファイター,0.258,True,,False,0,"8→3,8→1,8→5",False,0,,,
2026-03-20,202642032010,浦和競馬×netkeibaコラボ特別(B3),5,ストイックノア,0.224,False,,,,,,,,,
2026-03-20,202642032011,弥生特別(A2),1,リヴィフェイス,0.173,False,,,,,,,,,
2026-03-20,202642032012,浦和×ばんえいコラボ賞(B2B3),4,スピンディエゴール,0.176,False,,,,,,,,,
2026-03-21,202606020701,3歳未勝利,14,ゴールドプロテクト,0.3,False,,,,,,,,,
2026-03-21,202606020702,3歳未勝利,6,アオイミズホ,0.341,False,,,,,,,,,
2026-03-21,202606020703,3歳未勝利,15,コウソクルリアン,0.259,False,,,,,,,,,
2026-03-21,202606020704,3歳未勝利,8,ビービーアジャイル,0.46,True,,True,130,"8→5,8→4,8→6",False,0,,,
2026-03-21,202606020705,3歳未勝利,9,レッドレガリア,0.387,True,,False,0,"9→10,9→6,9→7",False,0,,,
2026-03-21,202606020706,3歳1勝クラス,10,スペルーチェ,0.431,True,,True,170,"10→5,10→7,10→1",False,0,,,
2026-03-21,202606020707,4歳以上1勝クラス,5,コズミックダンサー,0.333,False,,,,,,,,,
2026-03-21,202606020708,ペガサスJS,6,ジーティーオウジャ,0.263,False,,,,,,,,,
2026-03-21,202606020709,館山特別,13,フォルラニーニ,0.274,False,,,,,,,,,
2026-03-21,202606020710,韓国馬事会杯,11,ルージュアベリア,0.329,False,,,,,,,,,
2026-03-21,202606020711,フラワーC,8,イクシード,0.426,True,,False,0,"8→1,8→3,8→2",False,0,,,
2026-03-21,202606020712,4歳以上1勝クラス,16,トニケンサンバ,0.274,False,,,,,,,,,
2026-03-21,202609010901,3歳未勝利,6,フィデリス,0.354,True,,False,0,"6→9,6→5,6→1",False,0,,,
2026-03-21,202609010902,3歳未勝利,4,シュネードリーム,0.278,False,,,,,,,,,
2026-03-21,202609010903,3歳未勝利,7,フィサブロス,0.415,False,,,,,,,,,
2026-03-21,202609010904,3歳未勝利,3,マスターストーン,0.27,False,,,,,,,,,
2026-03-21,202609010905,3歳未勝利,3,フェルギナス,0.299,False,,,,,,,,,
2026-03-21,202609010906,3歳1勝クラス,12,エブリデイ,0.279,False,,,,,,,,,
2026-03-21,202609010907,4歳以上1勝クラス,1,ツーピース,0.293,False,,,,,,,,,
2026-03-21,202609010908,4歳以上2勝クラス,1,オリーブグリーン,0.304,False,,,,,,,,,
2026-03-21,202609010909,淡路特別,8,サトノソティラス,0.288,False,,,,,,,,,
2026-03-21,202609010910,淀屋橋S,15,エコロジーク,0.212,False,,,,,,,,,
2026-03-21,202609010911,若葉S,1,マテンロウゲイル,0.341,False,,,,,,,,,
2026-03-21,202609010912,4歳以上1勝クラス,14,バトンロード,0.294,False,,,,,,,,,
2026-03-21,202607010301,3歳未勝利,13,コルヴァス,0.312,False,,,,,,,,,
2026-03-21,202607010302,3歳未勝利,2,ライトニングロッド,0.306,False,,,,,,,,,
2026-03-21,202607010303,3歳未勝利,7,メイショウジンライ,0.324,False,,,,,,,,,
2026-03-21,202607010304,3歳未勝利,4,カワキタスズリノ,0.363,False,,,,,,,,,
2026-03-21,202607010305,3歳未勝利,7,グリッタードール,0.31,False,,,,,,,,,
2026-03-21,202607010306,3歳未勝利,10,ユウトザイノセント,0.275,False,,,,,,,,,
2026-03-21,202607010307,4歳以上1勝クラス,5,フォースミラクル,0.252,False,,,,,,,,,
2026-03-21,202607010308,4歳以上1勝クラス,6,ルールーリマ,0.325,False,,,,,,,,,
2026-03-21,202607010309,岡崎特別,1,ミトノオルフェ,0.269,False,,,,,,,,,
2026-03-21,202607010310,豊明S,6,ピエマンソン,0.298,True,,False,0,"6→13,6→1,6→9",False,0,,,
2026-03-21,202607010311,ファルコンS,6,ハッピーエンジェル,0.268,False,,,,,,,,,
2026-03-21,202607010312,4歳以上1勝クラス,5,シャンパンライフ,0.342,True,,False,0,"5→4,5→8,5→6",False,0,,,
2026-03-22,202606020801,3歳未勝利,16,ヘルヴィッツ,0.136,False,,,,,,,0.076,0.06,△
2026-03-22,202606020802,3歳未勝利,6,アイデアユー,0.112,False,,,,,,,0.1,0.012,△
2026-03-22,202606020803,3歳1勝クラス,9,モーゲンセン,0.199,True,,False,0,"9→13,9→5,9→14",False,0,0.127,0.071,○
2026-03-22,202606020804,4歳以上障害未勝利,13,レヴァントリ,0.142,False,,,,,,,0.11,0.032,△
2026-03-22,202606020805,3歳未勝利,4,カナルサンマルタン,0.18,False,,,,,,,0.131,0.05,△
2026-03-22,202606020806,3歳未勝利,2,シーギリヤロック,0.161,False,,,,,,,0.113,0.048,△
2026-03-22,202606020807,3歳1勝クラス,4,プラウディッツ,0.218,True,,False,0,"4→2,4→8,4→6",False,0,0.113,0.104,○
2026-03-22,202606020808,4歳以上1勝クラス,16,ドゥマーヴェリック,0.366,True,,True,230,"16→4,16→8,16→14",False,0,0.102,0.264,◎
2026-03-22,202606020809,鎌ケ谷特別,13,カネショウレジェン,0.227,True,,True,290,"13→6,13→12,13→5",False,0,0.078,0.15,○
2026-03-22,202606020810,スピカS,8,エストゥペンダ,0.197,True,,False,0,"8→5,8→4,8→7",False,0,0.086,0.112,○
2026-03-22,202606020811,千葉S,10,ドラゴンウェルズ,0.129,False,,,,,,,0.101,0.028,△
2026-03-22,202606020812,4歳以上2勝クラス,3,カーラデマドレ,0.18,False,,,,,,,0.172,0.008,△
2026-03-22,202609011001,3歳未勝利,14,シオンダンサー,0.324,True,,True,130,"14→13,14→6,14→11",False,0,0.095,0.229,◎
2026-03-22,202609011002,3歳未勝利,4,エイシンリブウェル,0.141,False,,,,,,,0.114,0.027,△
2026-03-22,202609011003,3歳未勝利,12,アドフランマム,0.22,True,,False,0,"12→13,12→8,12→7",False,0,0.113,0.107,○
2026-03-22,202609011004,3歳未勝利,16,キーテーマ,0.168,True,,False,0,"16→17,16→8,16→13",False,0,0.113,0.054,○
2026-03-22,202609011005,3歳1勝クラス,10,ジャスパーメルチェ,0.143,False,,,,,,,0.112,0.031,△
2026-03-22,202609011006,3歳1勝クラス,5,ジュンプリメーロ,0.135,False,,,,,,,0.126,0.009,△
2026-03-22,202609011007,4歳以上1勝クラス,9,メイショウハリソン,0.105,False,,,,,,,0.102,0.002,△
2026-03-22,202609011008,4歳以上1勝クラス,9,オーレアミスト,0.165,True,,False,0,"9→5,9→10,9→8",False,0,0.095,0.07,○
2026-03-22,202609011009,皆生特別,4,テラメリタ,0.145,False,,,,,,,0.076,0.068,△
2026-03-22,202609011010,レグルスS,16,ロードラビリンス,0.149,False,,,,,,,0.138,0.012,△
2026-03-22,202609011011,阪神大賞典,5,ダノンシーマ,0.136,False,,,,,,,0.105,0.031,△
2026-03-22,202609011012,4歳以上2勝クラス,7,ヨリノレジェンド,0.14,False,,,,,,,0.106,0.033,△
2026-03-22,202607010401,3歳未勝利,8,ディレクティオ,0.086,False,,,,,,,0.08,0.007,△
2026-03-22,202607010402,3歳未勝利,13,フォーオール,0.098,False,,,,,,,0.097,0.002,△
2026-03-22,202607010403,3歳未勝利,11,アデルフィー,0.108,False,,,,,,,0.102,0.005,△
2026-03-22,202607010404,3歳未勝利,10,ウィスカーパッド,0.153,True,,False,0,"10→14,10→5,10→3",False,0,0.099,0.053,○
2026-03-22,202607010405,3歳未勝利,7,アゲンストオッズ,0.119,False,,,,,,,0.088,0.031,△
2026-03-22,202607010406,4歳以上1勝クラス,2,サラスヴァティー,0.1,False,,,,,,,0.079,0.021,△
2026-03-22,202607010407,4歳以上1勝クラス,9,ローズマイスター,0.141,False,,,,,,,0.116,0.025,△
2026-03-22,202607010408,4歳以上1勝クラス,15,ディオデルマーレ,0.081,False,,,,,,,0.08,0.0,△
2026-03-22,202607010409,フローラルウォーク賞,2,ピエドゥラパン,0.103,False,,,,,,,0.091,0.012,△
2026-03-22,202607010410,弥富特別,10,ゼンエスポワール,0.125,False,,,,,,,0.103,0.023,△
2026-03-22,202607010411,愛知杯,12,カルプスペルシュ,0.126,False,,,,,,,0.072,0.054,△
2026-03-22,202607010412,4歳以上1勝クラス,16,メイショウホダワラ,0.126,False,,,,,,,0.097,0.029,△
2026-03-28,202606030101,3歳未勝利,11,マリノレーヴェ,0.286,False,,,,,,,0.257,0.029,△
2026-03-28,202606030102,3歳未勝利,15,キセログラフィカ,0.301,True,,False,0,"15→13,15→3,15→7",False,0,0.221,0.08,◎
2026-03-28,202606030103,3歳未勝利,2,マサノピンクレディ,0.26,False,,,,,,,0.243,0.016,△
2026-03-28,202606030104,3歳未勝利,12,ゴールドプレイヤー,0.244,True,,False,0,"12→15,12→9,12→11",False,0,0.147,0.097,○
2026-03-28,202606030105,3歳未勝利,5,エヴィーヴァ,0.175,False,,,,,,,0.113,0.062,△
2026-03-28,202606030106,3歳1勝クラス,9,コッツォリーノ,0.197,True,,False,0,"9→10,9→7,9→5",False,0,0.14,0.057,○
2026-03-28,202606030107,4歳以上1勝クラス,9,マタミカンサン,0.237,False,,,,,,,0.228,0.008,△
2026-03-28,202606030108,4歳以上2勝クラス,6,アールヴィヴァン,0.231,False,,,,,,,0.195,0.036,△
2026-03-28,202606030109,ブラッドストーンS,15,シュヴァルボヌール,0.246,True,,False,0,"15→7,15→16,15→8",False,0,0.183,0.063,○
2026-03-28,202606030110,伏竜S,8,チャーリー,0.245,False,,,,,,,0.238,0.008,△
2026-03-28,202606030111,日経賞,15,マイユニバース,0.169,False,,,,,,,0.144,0.025,△
2026-03-28,202606030112,4歳以上2勝クラス,5,ホークライト,0.194,False,,,,,,,0.167,0.028,△
2026-03-28,202609020101,3歳未勝利,13,サルタラリンダ,0.291,True,,False,0,"13→3,13→1,13→12",False,0,0.22,0.072,○
2026-03-28,202609020102,3歳未勝利,9,ロードアマルフィ,0.22,True,,True,150,"9→4,9→8,9→3",True,370,0.162,0.058,○
2026-03-28,202609020103,3歳未勝利,4,ウェルカムソング,0.25,False,,,,,,,0.241,0.009,△
2026-03-28,202609020104,3歳未勝利,9,ジュンドラドラ,0.308,True,,False,0,"9→1,9→8,9→2",False,0,0.227,0.081,◎
2026-03-28,202609020105,3歳未勝利,2,パンキー,0.142,False,,,,,,,0.108,0.034,△
2026-03-28,202609020106,3歳1勝クラス,10,ジャスティンルマン,0.204,False,,,,,,,0.195,0.008,△
2026-03-28,202609020107,4歳以上1勝クラス,2,ミサビスケッツ,0.214,False,,,,,,,0.212,0.002,△
2026-03-28,202609020108,三木ホースランドパークJS,3,スマイルスルー,0.199,True,,False,0,"3→7,3→8,3→6",False,0,0.145,0.054,○
2026-03-28,202609020109,君子蘭賞,4,ジャストビート,0.186,False,,,,,,,0.18,0.006,△
2026-03-28,202609020110,仲春特別,7,チムグクル,0.19,False,,,,,,,0.15,0.04,△
2026-03-28,202609020111,毎日杯,5,ブリガンティン,0.208,False,,,,,,,0.208,0.0,△
2026-03-28,202609020112,4歳以上2勝クラス,12,ギュルヴィ,0.187,False,,,,,,,0.175,0.013,△
2026-03-28,202607010501,3歳未勝利,8,ジャカルタバオ,0.194,False,,,,,,,0.192,0.001,△
2026-03-28,202607010502,3歳未勝利,6,アクシュラ,0.247,True,,False,0,"6→3,6→9,6→5",False,0,0.094,0.153,○
2026-03-28,202607010503,3歳未勝利,9,ホワイトフレイムス,0.185,False,,,,,,,0.17,0.015,△
2026-03-28,202607010504,3歳未勝利,12,ワンダーゾルダート,0.291,False,,,,,,,0.255,0.036,△
2026-03-28,202607010505,3歳未勝利,14,レゼルフォート,0.198,False,,,,,,,0.119,0.079,△
2026-03-28,202607010506,4歳以上1勝クラス,5,エイシンマールス,0.17,False,,,,,,,0.136,0.034,△
2026-03-28,202607010507,4歳以上1勝クラス,10,エンベッカ,0.134,False,,,,,,,0.12,0.015,△
2026-03-28,202607010508,4歳以上1勝クラス,10,エテルニータ,0.164,False,,,,,,,0.123,0.041,△
2026-03-28,202607010509,ロイヤルバンコクスポーツクラブ賞,6,アスクガンバーレ,0.229,False,,,,,,,0.197,0.032,△
2026-03-28,202607010510,ターフオーソリティーオブインディア賞,11,パフュームセント,0.173,False,,,,,,,0.171,0.001,△
2026-03-28,202607010511,マレーシアC,10,タガノアビー,0.154,False,,,,,,,0.126,0.027,△
2026-03-28,202607010512,フィリピンT,9,キョウエイボニータ,0.165,False,,,,,,,0.162,0.003,△
2026-04-04,202606030301,3歳未勝利,8,カンレイスター,0.272,False,,,,,,,0.249,0.023,△
2026-04-04,202606030302,3歳未勝利,7,プリンセスダーコ,0.214,False,,,,,,,0.181,0.033,△
2026-04-04,202606030303,3歳未勝利,14,トコシエノヒトミ,0.328,False,,,,,,,0.279,0.049,△
2026-04-04,202606030304,4歳以上障害未勝利,14,ディベルティスマン,0.187,False,,,,,,,0.147,0.039,△
2026-04-04,202606030305,3歳未勝利,11,フリーヤ,0.105,False,,,,,,,0.101,0.005,△
2026-04-04,202606030306,3歳未勝利,7,メディチパワー,0.284,False,,,,,,,0.256,0.028,△
2026-04-04,202606030307,4歳以上1勝クラス,4,ニシノエピカリ,0.201,False,,,,,,,0.196,0.005,△
2026-04-04,202606030308,4歳以上1勝クラス,11,ノアヴィヴァーチェ,0.228,False,,,,,,,0.204,0.024,△
2026-04-04,202606030309,山吹賞,9,クラウンインジエア,0.189,False,,,,,,,0.186,0.003,△
2026-04-04,202606030310,千葉日報杯,8,フジレイメイ,0.187,False,,,,,,,0.153,0.033,△
2026-04-04,202606030311,ダービー卿CT,3,エンペラーズソード,0.14,False,,,,,,,0.137,0.003,△
2026-04-04,202606030312,4歳以上2勝クラス,15,ショウナンラリー,0.251,True,,False,0,"15→2,15→11,15→13",False,0,0.195,0.055,◎
2026-04-04,202609020301,3歳未勝利,16,ペトリコール,0.248,False,,,,,,,0.209,0.039,△
2026-04-04,202609020302,3歳未勝利,15,バトルアックス,0.225,False,,,,,,,0.198,0.027,△
2026-04-04,202609020303,3歳未勝利,4,ドンテスタマスター,0.198,False,,,,,,,0.183,0.016,△
2026-04-04,202609020304,3歳未勝利,16,ハピネスサンライズ,0.167,False,,,,,,,0.135,0.031,△
2026-04-04,202609020305,3歳未勝利,8,プレスリリース,0.121,False,,,,,,,0.117,0.004,△
2026-04-04,202609020306,4歳以上1勝クラス,14,ダイヤモンド,0.233,True,,False,0,"14→12,14→10,14→13",False,0,0.173,0.059,○
2026-04-04,202609020307,4歳以上1勝クラス,4,エイユーファイヤー,0.21,False,,,,,,,0.163,0.047,△
2026-04-04,202609020308,4歳以上2勝クラス,1,タガノアンファン,0.241,False,,,,,,,0.209,0.032,△
2026-04-04,202609020309,アザレア賞,6,ノンブルドール,0.246,False,,,,,,,0.207,0.038,△
2026-04-04,202609020310,ポラリスS,12,ベルジュロネット,0.175,False,,,,,,,0.129,0.046,△
2026-04-04,202609020311,チャーチルダウンズC,6,サンダーストラック,0.211,False,,,,,,,0.184,0.028,△
2026-04-04,202609020312,4歳以上2勝クラス,14,モズタチアガレ,0.173,False,,,,,,,0.169,0.004,△
2026-04-05,202606030401,3歳未勝利,11,エフハリスト,0.114,False,,,,,,,0.105,0.009,△
2026-04-05,202606030402,3歳未勝利,14,ラインジーク,0.243,False,,,,,,,0.235,0.009,△
2026-04-05,202606030403,3歳未勝利,7,ミスターキャンベラ,0.193,False,,,,,,,0.095,0.098,△
2026-04-05,202606030404,4歳以上障害未勝利,12,シャンデルナゴル,0.171,False,,,,,,,0.153,0.018,△
2026-04-05,202606030405,3歳未勝利,14,エリュグレイス,0.179,False,,,,,,,0.148,0.031,△
2026-04-05,202606030406,3歳1勝クラス,16,ジェイエルモーダル,0.18,False,,,,,,,0.175,0.006,△
2026-04-05,202606030407,3歳1勝クラス,9,ラヴノー,0.238,False,,,,,,,0.235,0.003,△
2026-04-05,202606030408,4歳以上1勝クラス,15,ガンバレベアー,0.219,False,,,,,,,0.207,0.012,△
2026-04-05,202606030409,安房特別,1,オストラヴァ,0.218,False,,,,,,,0.203,0.015,△
2026-04-05,202606030410,アリエスS,16,メリークリスマス,0.193,True,,True,300,"16→1,16→8,16→7",True,1970,0.129,0.064,○
2026-04-05,202606030411,美浦S,1,シャドウメテオ,0.154,False,,,,,,,0.134,0.02,△
2026-04-05,202606030412,4歳以上2勝クラス,12,プリムツァール,0.192,False,,,,,,,0.187,0.004,△
2026-04-05,202609020401,3歳未勝利,11,ガルディエンヌ,0.227,False,,,,,,,0.22,0.008,△
2026-04-05,202609020402,3歳未勝利,13,タイセイサーブル,0.152,False,,,,,,,0.126,0.026,△
2026-04-05,202609020403,3歳未勝利,10,キャッチアシーフ,0.203,False,,,,,,,0.146,0.057,△
2026-04-05,202609020404,3歳未勝利,4,パーヴォ,0.191,False,,,,,,,0.155,0.036,△
2026-04-05,202609020405,3歳1勝クラス,8,ケイアイアマゾン,0.216,False,,,,,,,0.215,0.001,△
2026-04-05,202609020406,4歳以上1勝クラス,8,ドルチェリターン,0.167,False,,,,,,,0.152,0.015,△
2026-04-05,202609020407,4歳以上2勝クラス,13,マテンロウブレイブ,0.187,False,,,,,,,0.18,0.007,△
2026-04-05,202609020408,4歳以上2勝クラス,9,フェアリーライク,0.221,False,,,,,,,0.205,0.016,△
2026-04-05,202609020409,バイオレットS,9,ローズカリス,0.207,False,,,,,,,0.202,0.005,△
2026-04-05,202609020410,心斎橋S,13,スカイハイ,0.13,False,,,,,,,0.118,0.013,△
2026-04-05,202609020411,大阪杯,5,ショウヘイ,0.216,True,,False,0,"5→15,5→13,5→4",False,0,0.156,0.06,○
2026-04-05,202609020412,天満橋S,16,ルークススペイ,0.263,True,,True,750,"16→14,16→15,16→5",True,4590,0.181,0.082,◎
2026-04-11,202606030501,3歳未勝利,15,ビーチイン,0.122,False,maiden+prob+gap,,,,,,0.114,0.007,△
2026-04-11,202606030502,3歳未勝利,14,マジンタクシー,0.119,False,maiden+prob+gap,,,,,,0.115,0.004,△
2026-04-11,202606030503,3歳未勝利,1,アイデアユー,0.14,False,maiden+prob+gap+ev,,,,,,0.102,0.038,△
2026-04-11,202606030504,4歳以上障害OP,2,メイショウソムリエ,0.163,False,prob+ev,,,,,,0.083,0.08,△
2026-04-11,202606030505,3歳未勝利,6,アイムイン,0.141,False,maiden+prob+gap+ev,,,,,,0.138,0.003,△
2026-04-11,202606030506,3歳未勝利,17,ピエスユニーク,0.132,False,maiden+prob+gap+ev,,,,,,0.121,0.012,△
2026-04-11,202606030507,3歳1勝クラス,5,リゾートライン,0.161,False,prob+gap,,,,,,0.159,0.002,△
2026-04-11,202606030508,4歳以上1勝クラス,7,マリンバンカー,0.249,False,prob+gap,,,,,,0.22,0.029,△
2026-04-11,202606030509,山藤賞,6,チャリングクロス,0.157,False,prob+gap+ev,,,,,,0.15,0.007,△
2026-04-11,202606030510,卯月S,13,ロサンゼルス,0.387,True,,False,0,"13→9,13→5,13→11",False,0,0.307,0.079,◎
2026-04-11,202606030511,ニュージーランドT,14,ディールメーカー,0.167,False,prob+gap,,,,,,0.155,0.012,△
2026-04-11,202606030512,4歳以上2勝クラス,4,アスタールフナ,0.189,False,prob+gap,,,,,,0.186,0.003,△
2026-04-11,202609020501,3歳未勝利,14,ワンインザスカイ,0.149,False,maiden+prob+gap,,,,,,0.148,0.001,△
2026-04-11,202609020502,3歳未勝利,5,ゼロヴィジビリティ,0.121,False,maiden+prob+gap+ev,,,,,,0.12,0.001,△
2026-04-11,202609020503,3歳未勝利,1,ハオカノア,0.115,False,maiden+prob+gap,,,,,,0.097,0.018,△
2026-04-11,202609020504,3歳未勝利,16,コワンニシタガウ,0.236,False,maiden+prob+gap,,,,,,0.222,0.013,△
2026-04-11,202609020505,3歳1勝クラス,2,ジュンプリメーロ,0.159,False,prob+gap,,,,,,0.142,0.017,△
2026-04-11,202609020506,3歳1勝クラス,7,メイクワンズデイ,0.155,False,prob+gap+ev,,,,,,0.155,0.0,△
2026-04-11,202609020507,4歳以上1勝クラス,6,ウィンターガーデン,0.327,True,,False,0,"6→4,6→8,6→11",False,0,0.209,0.117,○
2026-04-11,202609020508,4歳以上1勝クラス,6,エンダードラゴン,0.418,False,gap,,,,,,0.393,0.025,△
2026-04-11,202609020509,明石特別,4,アロンズロッド,0.619,False,ev,,,,,,0.263,0.356,△
2026-04-11,202609020510,大阪―ハンブルクC,10,ウィクトルウェルス,0.543,False,ev,,,,,,0.345,0.199,△
2026-04-11,202609020511,阪神牝馬S,1,エンブロイダリー,0.509,True,,True,280,"1→10,1→8,1→2",False,0,0.428,0.08,◎
2026-04-11,202609020512,4歳以上2勝クラス,12,フェンダー,0.322,True,,False,0,"12→13,12→9,12→15",False,0,0.234,0.088,○
2026-04-12,202606030601,3歳未勝利,9,ロードトライデント,0.47,False,maiden+ev,,,,,,0.401,0.068,△
2026-04-12,202606030602,3歳未勝利,15,ミッキーサウザンド,0.581,False,maiden+ev,,,,,,0.39,0.19,△
2026-04-12,202606030603,3歳未勝利,7,バンダムソレール,0.217,False,maiden+prob+gap,,,,,,0.212,0.004,△
2026-04-12,202606030604,4歳以上障害未勝利,7,ブライトマン,0.373,False,maiden,,,,,,0.088,0.285,△
2026-04-12,202606030605,3歳未勝利,14,アメリカンジゴロ,0.506,False,maiden,,,,,,0.165,0.341,△
2026-04-12,202606030606,3歳1勝クラス,8,サイモフェーン,0.434,True,,False,0,"8→1,8→2,8→11",False,0,0.379,0.056,◎
2026-04-12,202606030607,4歳以上1勝クラス,12,ゴーゴータカシ,0.29,False,prob+gap,,,,,,0.257,0.033,△
2026-04-12,202606030608,4歳以上2勝クラス,1,ウインシャーガス,0.461,True,,False,0,"1→4,1→2,1→8",False,0,0.273,0.189,◎
2026-04-12,202606030609,印西特別,5,イプシロンナンバー,0.399,True,,False,0,"5→3,5→2,5→10",False,0,0.332,0.066,◎
2026-04-12,202606030610,あけぼのS,6,インパクトシー,0.4,False,ev,,,,,,0.316,0.084,△
2026-04-12,202606030611,春雷S,2,ソーダーンライト,0.258,False,prob+ev,,,,,,0.201,0.057,△
2026-04-12,202606030612,4歳以上1勝クラス,12,ヴィンブルレー,0.399,True,,True,300,"12→8,12→1,12→2",True,2150,0.304,0.095,◎
2026-04-12,202609020601,3歳未勝利,8,アスターエポワス,0.51,False,maiden,,,,,,0.382,0.128,△
2026-04-12,202609020602,3歳未勝利,1,エルナト,0.39,False,maiden,,,,,,0.307,0.084,△
2026-04-12,202609020603,3歳未勝利,4,ザキノフレンズ,0.285,False,maiden+prob+ev,,,,,,0.159,0.127,△
2026-04-12,202609020604,3歳未勝利,11,ララファキュルテ,0.493,False,maiden,,,,,,0.361,0.132,△
2026-04-12,202609020605,3歳1勝クラス,14,テーオーパーセル,0.36,False,gap,,,,,,0.34,0.02,△
2026-04-12,202609020606,4歳以上1勝クラス,10,ソニックステップ,0.28,False,prob+gap+ev,,,,,,0.28,0.0,△
2026-04-12,202609020607,4歳以上2勝クラス,2,ジャサルディア,0.471,False,ev,,,,,,0.256,0.215,△
2026-04-12,202609020608,川西特別,11,サンライズバレット,0.382,False,ev,,,,,,0.307,0.075,△
2026-04-12,202609020609,忘れな草賞,5,ダーリングハースト,0.489,False,gap,,,,,,0.442,0.047,△
2026-04-12,202609020610,京橋S,8,ヴァリディシームス,0.472,True,,False,0,"8→3,8→9,8→2",False,0,0.27,0.203,◎
2026-04-12,202609020611,桜花賞,14,ドリームコア,0.428,False,gap,,,,,,0.415,0.014,△
2026-04-12,202609020612,梅田S,10,バッケンレコード,0.43,False,gap,,,,,,0.422,0.008,△
2026-04-18,202606030701,3歳未勝利,15,クアロアランチ,0.519,False,maiden+ev,,,,,,0.364,0.155,△
2026-04-18,202606030702,3歳未勝利,6,キセログラフィカ,0.451,False,maiden+gap+ev,,,,,,0.441,0.01,△
2026-04-18,202606030703,3歳未勝利,9,メリフルアス,0.499,False,maiden+gap,,,,,,0.467,0.032,△
2026-04-18,202606030704,3歳未勝利,10,レイズテンペスト,0.521,False,maiden,,,,,,0.407,0.113,△
2026-04-18,202606030705,3歳未勝利,8,ペルウィクトール,0.503,False,maiden+ev,,,,,,0.171,0.332,△
2026-04-18,202606030706,3歳1勝クラス,5,タッセルノット,0.454,False,ev,,,,,,0.375,0.079,△
2026-04-18,202606030707,4歳以上1勝クラス,7,イリュストル,0.446,True,,False,0,"7→4,7→5,7→6",False,0,0.31,0.136,◎
2026-04-18,202606030708,4歳以上1勝クラス,12,ダイシンレアレア,0.403,False,gap,,,,,,0.403,0.0,△
2026-04-18,202606030709,袖ケ浦特別,3,スターウェーブ,0.475,True,,False,0,"3→7,3→10,3→6",False,0,0.331,0.144,◎
2026-04-18,202606030710,下総S,12,サトミノエンジェル,0.388,False,gap,,,,,,0.37,0.018,△
2026-04-18,202606030711,中山グランドJ,8,ヘザルフェン,0.13,False,prob+gap,,,,,,0.092,0.039,△
2026-04-18,202606030712,葛飾特別,13,ルイステソーロ,0.434,True,,False,0,"13→4,13→11,13→10",False,0,0.369,0.065,◎
2026-04-18,202609020701,3歳未勝利,12,ペガサスウィンド,0.532,False,maiden,,,,,,0.446,0.086,△
2026-04-18,202609020702,3歳未勝利,4,マリリンバローズ,0.484,False,maiden+ev,,,,,,0.416,0.067,△
2026-04-18,202609020703,3歳未勝利,6,エイシンリブウェル,0.54,False,maiden,,,,,,0.477,0.063,△
2026-04-18,202609020704,3歳未勝利,3,ウイルソン,0.447,False,maiden,,,,,,0.199,0.247,△
2026-04-18,202609020705,3歳1勝クラス,3,イベントホライゾン,0.471,False,gap+ev,,,,,,0.451,0.021,△
2026-04-18,202609020706,3歳1勝クラス,14,リアンドゥクール,0.515,False,gap,,,,,,0.47,0.044,△
2026-04-18,202609020707,4歳以上1勝クラス,2,エーデルヴェーグ,0.406,False,ev,,,,,,0.233,0.172,△
2026-04-18,202609020708,4歳以上1勝クラス,8,ドルチェリターン,0.506,True,,False,0,"8→2,8→5,8→3",False,0,0.198,0.307,◎
2026-04-18,202609020709,吹田特別,13,カルパ,0.357,False,gap,,,,,,0.343,0.013,△
2026-04-18,202609020710,丹波特別,4,サーナーティオン,0.339,False,gap,,,,,,0.307,0.032,△
2026-04-18,202609020711,アンタレスS,3,タガノバビロン,0.396,False,gap,,,,,,0.348,0.048,△
2026-04-18,202609020712,4歳以上1勝クラス,11,ニホンピロカラット,0.412,False,gap,,,,,,0.397,0.015,△
2026-04-19,202606030801,3歳未勝利,4,ギンケイ,0.426,False,maiden+ev,,,,,,0.375,0.051,△
2026-04-19,202606030802,3歳未勝利,6,カンノンミッキー,0.361,False,maiden,,,,,,0.283,0.078,△
2026-04-19,202606030803,3歳未勝利,12,ジューンセクレタ,0.451,False,maiden,,,,,,0.382,0.068,△
2026-04-19,202606030804,3歳未勝利,10,レッドレガリア,0.626,False,maiden,,,,,,0.457,0.169,△
2026-04-19,202606030805,3歳1勝クラス,9,グリオンヴール,0.543,False,ev,,,,,,0.251,0.293,△
2026-04-19,202606030806,3歳1勝クラス,3,イナズマダイモン,0.517,False,gap+ev,,,,,,0.48,0.036,△
2026-04-19,202606030807,4歳以上1勝クラス,7,リッキースタイル,0.502,True,,False,0,"7→8,7→6,7→3",False,0,0.297,0.205,◎
2026-04-19,202606030808,利根川特別,12,ドゥラエテルノ,0.473,True,,False,0,"12→3,12→5,12→10",False,0,0.35,0.124,◎
2026-04-19,202606030809,野島崎特別,2,ボウウィンドウ,0.434,False,gap,,,,,,0.39,0.044,△
2026-04-19,202606030810,京葉S,2,エコロエイト,0.276,False,prob+gap,,,,,,0.261,0.015,△
2026-04-19,202606030811,皐月賞,18,バステール,0.467,True,,False,0,"18→7,18→14,18→9",False,0,0.395,0.072,◎
2026-04-19,202606030812,サンシャインS,9,リーティアコナル,0.255,False,prob,,,,,,0.19,0.065,△
2026-04-19,202609020801,3歳未勝利,15,マーゴットバディ,0.549,False,maiden,,,,,,0.403,0.146,△
2026-04-19,202609020802,3歳未勝利,6,カトマンズゴールド,0.476,False,maiden,,,,,,0.331,0.145,△
2026-04-19,202609020803,3歳未勝利,10,モズプリフォール,0.232,False,maiden+prob+gap+ev,,,,,,0.216,0.017,△
2026-04-19,202609020804,4歳以上障害未勝利,2,モスクロッサー,0.035,False,maiden+prob+gap+ev,,,,,,0.034,0.001,△
2026-04-19,202609020805,3歳未勝利,7,スクランプシャス,0.153,False,maiden+prob+gap,,,,,,0.148,0.005,△
2026-04-19,202609020806,3歳1勝クラス,3,カッタッパ,0.463,False,gap,,,,,,0.458,0.005,△
2026-04-19,202609020807,3歳1勝クラス,6,ルートサーティーン,0.501,True,,False,0,"6→3,6→5,6→4",False,0,0.436,0.064,◎
2026-04-19,202609020808,4歳以上1勝クラス,10,レヴァンテシチー,0.414,False,gap,,,,,,0.41,0.004,△
2026-04-19,202609020809,蓬莱峡特別,7,ヴィスマール,0.289,False,prob+gap,,,,,,0.262,0.027,△
2026-04-19,202609020810,陽春S,3,ゼットエール,0.449,False,ev,,,,,,0.386,0.063,△
2026-04-19,202609020811,立雲峡S,6,ミッキージュエリー,0.373,True,,False,0,"6→3,6→9,6→10",False,0,0.282,0.091,◎
2026-04-19,202609020812,4歳以上2勝クラス,10,ヴァンアグレアブル,0.316,False,gap+ev,,,,,,0.274,0.042,△
2026-03-29,202606030201,3歳未勝利,8,クイーンズホリデー,0.34,False,maiden+prob+gap,,,,,,0.314,0.026,△
2026-03-29,202606030202,3歳未勝利,5,アンチェーン,0.461,False,maiden,,,,,,0.408,0.053,△
2026-03-29,202606030203,3歳未勝利,14,ジェネラスキング,0.513,False,maiden+gap+ev,,,,,,0.467,0.046,△
2026-03-29,202606030204,3歳未勝利,12,トーセンブリラーレ,0.455,False,maiden+gap,,,,,,0.434,0.021,△
2026-03-29,202606030205,3歳未勝利,1,ヴァルカンテソーロ,0.351,False,maiden+gap,,,,,,0.322,0.029,△
2026-03-29,202606030206,3歳1勝クラス,7,コックピットサイト,0.556,False,gap,,,,,,0.513,0.043,△
2026-03-29,202606030207,4歳以上1勝クラス,13,ナクライト,0.37,False,gap,,,,,,0.368,0.002,△
2026-03-29,202606030208,4歳以上1勝クラス,5,ルイステソーロ,0.434,False,ev,,,,,,0.195,0.239,△
2026-03-29,202606030209,ミモザ賞,5,ランザワールド,0.395,True,,False,0,"5→1,5→4,5→6",False,0,0.335,0.06,◎
2026-03-29,202606030210,船橋S,2,ポッドロワール,0.343,False,prob,,,,,,0.243,0.101,△
2026-03-29,202606030211,マーチS,14,チュウワクリスエス,0.253,False,prob+gap,,,,,,0.246,0.007,△
2026-03-29,202606030212,4歳以上2勝クラス,7,マリノトニトゥルス,0.264,False,prob+gap+ev,,,,,,0.262,0.002,△
2026-03-29,202609020201,3歳未勝利,5,アグレイビューティ,0.425,False,maiden+gap,,,,,,0.378,0.046,△
2026-03-29,202609020202,3歳未勝利,3,ミスターエメラルド,0.519,False,maiden+ev,,,,,,0.292,0.227,△
2026-03-29,202609020203,3歳未勝利,4,マーゴットデイズ,0.219,False,maiden+prob+gap,,,,,,0.196,0.023,△
2026-03-29,202609020204,4歳以上障害未勝利,2,ケイテンアイジン,0.35,False,maiden,,,,,,0.042,0.307,△
2026-03-29,202609020205,3歳未勝利,7,チェファルー,0.498,False,maiden+ev,,,,,,0.366,0.132,△
2026-03-29,202609020206,3歳1勝クラス,8,アームズレジェンド,0.583,False,gap,,,,,,0.571,0.012,△
2026-03-29,202609020207,4歳以上1勝クラス,1,コルドンブルー,0.331,False,prob+gap,,,,,,0.292,0.039,△
2026-03-29,202609020208,四国新聞杯,4,エコテーラー,0.371,False,gap,,,,,,0.365,0.006,△
2026-03-29,202609020209,4歳以上1勝クラス,14,テイエムパイロット,0.378,False,gap,,,,,,0.356,0.022,△
2026-03-29,202609020210,御堂筋S,3,ミッキーゴールド,0.379,True,,False,0,"3→6,3→9,3→10",False,0,0.303,0.076,◎
2026-03-29,202609020211,六甲S,6,ベラジオボンド,0.245,False,prob+ev,,,,,,0.174,0.071,△
2026-03-29,202609020212,4歳以上2勝クラス,10,ハリーケーン,0.411,True,,True,500,"10→9,10→12,10→13",False,0,0.263,0.148,◎
2026-03-29,202607010601,3歳未勝利,12,ルビドゥソレイユ,0.531,False,maiden,,,,,,0.426,0.106,△
2026-03-29,202607010602,3歳未勝利,10,コスモブラック,0.506,False,maiden,,,,,,0.445,0.061,△
2026-03-29,202607010603,3歳未勝利,7,ロイヤルスパイア,0.481,False,maiden+ev,,,,,,0.298,0.182,△
2026-03-29,202607010604,3歳未勝利,6,ヒッグスボソン,0.428,False,maiden,,,,,,0.325,0.102,△
2026-03-29,202607010605,3歳未勝利,7,エンジョイドアスク,0.535,False,maiden,,,,,,0.335,0.2,△
2026-03-29,202607010606,4歳以上1勝クラス,3,パイオニアスクエア,0.399,True,,False,0,"3→7,3→5,3→6",False,0,0.345,0.053,◎
2026-03-29,202607010607,4歳以上1勝クラス,3,ハギノコラソン,0.388,False,gap,,,,,,0.358,0.03,△
2026-03-29,202607010608,大寒桜賞,2,メイショウナルカミ,0.481,True,,False,0,"2→4,2→6,2→3",False,0,0.378,0.104,◎
2026-03-29,202607010609,4歳以上1勝クラス,6,アンダーザライト,0.477,True,,True,430,"6→16,6→4,6→8",False,0,0.348,0.129,◎
2026-03-29,202607010610,伊勢S,15,ミライヘノカギ,0.406,False,gap,,,,,,0.391,0.016,△
2026-03-29,202607010611,高松宮記念,14,レイピア,0.372,False,gap,,,,,,0.356,0.015,△
2026-03-29,202607010612,鈴鹿特別,11,コーラルクラウン,0.492,False,ev,,,,,,0.301,0.191,△
2026-04-25,202605020101,3歳未勝利,13,リケアマカロニ,0.248,False,maiden+prob,,,,,,0.13,0.118,△
2026-04-25,202605020102,3歳未勝利,13,ココラッシー,0.257,False,maiden+prob,,,,,,0.156,0.101,△
2026-04-25,202605020103,3歳未勝利,13,グランフィエスタ,0.123,False,maiden+prob+gap,,,,,,0.093,0.029,△
2026-04-25,202605020104,3歳未勝利,12,シニャンガ,0.638,False,maiden,,,,,,0.142,0.496,△
2026-04-25,202605020105,3歳未勝利,6,グランマエストロ,0.402,False,maiden+gap,,,,,,0.351,0.051,△
2026-04-25,202605020106,3歳1勝クラス,8,ザーフィル,0.301,False,prob+gap,,,,,,0.298,0.003,△
2026-04-25,202605020107,4歳以上1勝クラス,16,クラリネットソナタ,0.316,False,prob,,,,,,0.172,0.144,△
2026-04-25,202605020108,4歳以上1勝クラス,1,アセンブリールーム,0.184,False,prob,,,,,,0.1,0.083,△
2026-04-25,202605020109,石和特別,9,ノビリシマビジョン,0.318,False,gap,,,,,,0.279,0.039,△
2026-04-25,202605020110,鎌倉S,4,メイショウハチロー,0.357,False,gap,,,,,,0.315,0.042,△
2026-04-25,202605020111,青葉賞,4,ブラックオリンピア,0.245,False,prob+gap,,,,,,0.226,0.019,△
2026-04-25,202605020112,4歳以上2勝クラス,3,ディーズゴールド,0.417,True,,False,0,"3→13,3→4,3→5",False,0,0.344,0.073,◎
2026-04-25,202608030101,3歳未勝利,6,ガイストライヒ,0.819,False,maiden,,,,,,0.184,0.635,△
2026-04-25,202608030102,3歳未勝利,3,ペプチドレオン,0.216,False,maiden+prob+gap,,,,,,0.173,0.044,△
2026-04-25,202608030103,3歳未勝利,8,ビロングトゥミー,0.181,False,maiden+prob+gap,,,,,,0.159,0.022,△
2026-04-25,202608030104,4歳以上障害OP,11,マテンロウジョイ,0.065,False,prob+gap,,,,,,0.065,0.0,△
2026-04-25,202608030105,3歳未勝利,5,フウセン,0.193,False,maiden+prob,,,,,,0.094,0.099,△
2026-04-25,202608030106,3歳未勝利,15,クロスボーダー,0.145,False,maiden+prob+gap,,,,,,0.118,0.028,△
2026-04-25,202608030107,3歳1勝クラス,7,キリオス,0.305,False,prob,,,,,,0.192,0.113,△
2026-04-25,202608030108,あやめ賞,5,ララファキュルテ,0.167,False,prob+gap,,,,,,0.164,0.004,△
2026-04-25,202608030109,4歳以上1勝クラス,8,スウィートリワード,0.107,False,prob+gap,,,,,,0.106,0.001,△
2026-04-25,202608030110,観月橋S,10,パシアンジャン,0.212,False,prob+gap,,,,,,0.199,0.013,△
2026-04-25,202608030111,天王山S,11,ドンアミティエ,0.16,False,prob+gap,,,,,,0.137,0.023,△
2026-04-25,202608030112,4歳以上2勝クラス,2,フェアリーライク,0.13,False,prob+gap,,,,,,0.112,0.018,△
2026-04-25,202603010501,3歳未勝利,9,ロジマギー,0.158,False,maiden+prob+gap,,,,,,0.089,0.069,△
2026-04-25,202603010502,3歳未勝利,16,シルバーアックス,0.192,False,maiden+prob+gap,,,,,,0.146,0.046,△
2026-04-25,202603010503,3歳未勝利,10,ライツェントライゼ,0.116,False,maiden+prob+gap,,,,,,0.09,0.026,△
2026-04-25,202603010504,3歳未勝利,8,ニンジャトットリ,0.171,False,maiden+prob,,,,,,0.087,0.084,△
2026-04-25,202603010505,3歳未勝利,13,ヒロイックヴァース,0.107,False,maiden+prob+gap,,,,,,0.071,0.036,△
2026-04-25,202603010506,3歳未勝利,10,ゴールドバローズ,0.133,False,maiden+prob+gap,,,,,,0.128,0.005,△
2026-04-25,202603010507,4歳以上1勝クラス,6,カーヌスティ,0.343,True,,True,530,"6→11,6→3,6→10",False,0,0.139,0.203,○
2026-04-25,202603010508,4歳以上1勝クラス,10,ココデイック,0.121,False,prob+gap,,,,,,0.115,0.006,△
2026-04-25,202603010509,雪うさぎ賞,2,ロジケープ,0.125,False,prob+gap,,,,,,0.117,0.008,△
2026-04-25,202603010510,医王寺特別,7,ヴァンヴィーヴ,0.327,True,,False,0,"7→16,7→12,7→3",False,0,0.106,0.222,○
2026-04-25,202603010511,福島中央テレビ杯,8,プレゼンティーア,0.118,False,prob+gap,,,,,,0.113,0.005,△
2026-04-25,202603010512,4歳以上1勝クラス,9,キューティリップ,0.115,False,prob+gap,,,,,,0.099,0.016,△
2026-04-26,202605020201,3歳未勝利,7,ベルオーシャン,0.172,False,maiden+prob+gap,,,,,,0.135,0.037,△
2026-04-26,202605020202,3歳未勝利,4,モロノカガヤキ,0.184,False,maiden+prob+gap,,,,,,0.121,0.063,△
2026-04-26,202605020203,3歳未勝利,16,アニマレイ,0.402,False,maiden,,,,,,0.272,0.129,△
2026-04-26,202605020204,3歳未勝利,1,ガードオブオナー,0.365,False,maiden,,,,,,0.157,0.208,△
2026-04-26,202605020205,3歳未勝利,14,クカイリモク,0.131,False,maiden+prob+gap,,,,,,0.122,0.008,△
2026-04-26,202605020206,3歳1勝クラス,1,サレジオ,0.216,False,prob+gap,,,,,,0.155,0.062,△
2026-04-26,202605020207,4歳以上1勝クラス,14,セブンマイスター,0.146,False,prob+gap,,,,,,0.14,0.006,△
2026-04-26,202605020208,4歳以上2勝クラス,2,レイククレセント,0.254,False,prob,,,,,,0.16,0.094,△
2026-04-26,202605020209,湘南S,1,コートアリシアン,0.259,False,prob+ev,,,,,,0.118,0.141,△
2026-04-26,202605020210,オアシスS,10,ウェイワードアクト,0.3,False,prob,,,,,,0.185,0.115,△
2026-04-26,202605020211,フローラS,5,ラフターラインズ,0.203,False,prob+gap,,,,,,0.192,0.011,△
2026-04-26,202605020212,4歳以上2勝クラス,15,スナッピードレッサ,0.535,True,,True,120,"15→10,15→14,15→11",True,680,0.316,0.219,◎
2026-04-26,202608030201,3歳未勝利,16,ツァレヴナ,0.322,False,maiden,,,,,,0.122,0.2,△
2026-04-26,202608030202,3歳未勝利,12,グリーンゴー,0.22,False,maiden+prob+gap,,,,,,0.162,0.057,△
2026-04-26,202608030203,3歳未勝利,7,タナスーペルノーバ,0.194,False,maiden+prob+gap,,,,,,0.189,0.005,△
2026-04-26,202608030204,4歳以上障害未勝利,14,ライツフォル,0.102,False,maiden+prob+gap,,,,,,0.06,0.042,△
2026-04-26,202608030205,3歳未勝利,8,ロングホリデー,0.212,False,maiden+prob,,,,,,0.122,0.09,△
2026-04-26,202608030206,3歳1勝クラス,7,タイセイジェイド,0.154,False,prob+gap,,,,,,0.149,0.004,△
2026-04-26,202608030207,4歳以上1勝クラス,14,ルージュスティーズ,0.105,False,prob+gap,,,,,,0.099,0.006,△
2026-04-26,202608030208,4歳以上1勝クラス,3,エイユーファイヤー,0.155,False,prob+gap,,,,,,0.107,0.048,△
2026-04-26,202608030209,比良山特別,2,ピックデムッシュ,0.276,False,prob,,,,,,0.187,0.089,△
2026-04-26,202608030210,センテニアルパークS,11,レイニング,0.206,False,prob+gap,,,,,,0.163,0.043,△
2026-04-26,202608030211,マイラーズC,16,シックスペンス,0.151,False,prob+gap,,,,,,0.096,0.054,△
2026-04-26,202608030212,4歳以上2勝クラス,3,アークドール,0.393,True,,False,0,"3→12,3→10,3→8",False,0,0.156,0.237,○
2026-04-26,202603010601,3歳未勝利,12,モズオウンゴール,0.144,False,maiden+prob+gap,,,,,,0.08,0.064,△
2026-04-26,202603010602,3歳未勝利,9,スイープセレニティ,0.141,False,maiden+prob+gap,,,,,,0.093,0.048,△
2026-04-26,202603010603,3歳未勝利,10,ジョーカー,0.142,False,maiden+prob+gap,,,,,,0.138,0.005,△
2026-04-26,202603010604,3歳未勝利,5,レオダーム,0.134,False,maiden+prob+gap,,,,,,0.099,0.035,△
2026-04-26,202603010605,3歳未勝利,9,ベルランコントル,0.255,False,maiden+prob,,,,,,0.169,0.086,△
2026-04-26,202603010606,4歳以上1勝クラス,4,ペネトレイトゴー,0.086,False,prob+gap,,,,,,0.081,0.005,△
2026-04-26,202603010607,4歳以上1勝クラス,5,カルミアクラウン,0.112,False,prob+gap,,,,,,0.101,0.011,△
2026-04-26,202603010608,4歳以上1勝クラス,6,ベネメレンティ,0.106,False,prob+gap,,,,,,0.082,0.025,△
2026-04-26,202603010609,飯盛山特別,10,アリスメティーク,0.162,False,prob+gap,,,,,,0.122,0.041,△
2026-04-26,202603010610,尾瀬特別,8,マーウォルス,0.117,False,prob+gap,,,,,,0.099,0.018,△
2026-04-26,202603010611,モルガナイトS,4,ナナオ,0.103,False,prob+gap,,,,,,0.099,0.004,△
2026-04-26,202603010612,4歳以上1勝クラス,16,ヨドノゴールド,0.091,False,prob+gap,,,,,,0.083,0.008,△
2026-05-02,202605020301,3歳未勝利,1,ミエスタ,0.234,False,maiden+prob,,,,,,0.162,0.072,△
2026-05-02,202605020302,3歳未勝利,5,ウインビギニング,0.61,False,maiden,,,,,,0.496,0.114,△
2026-05-02,202605020303,3歳未勝利,6,ニシノモリミチ,0.124,False,maiden+prob+gap,,,,,,0.105,0.019,△
2026-05-02,202605020304,3歳未勝利,10,タイドグラフ,0.24,False,maiden+prob+gap,,,,,,0.191,0.049,△
2026-05-02,202605020305,3歳1勝クラス,10,サンデースマッシュ,0.337,False,gap,,,,,,0.278,0.059,△
2026-05-02,202605020306,4歳以上1勝クラス,7,リポサンテ,0.696,True,,False,0,"7→5,7→2,7→3",False,0,0.501,0.195,◎
2026-05-02,202605020307,4歳以上1勝クラス,3,ソナタン,0.162,False,prob+gap,,,,,,0.141,0.02,△
2026-05-02,202605020308,4歳以上2勝クラス,3,アルマデオロ,0.209,False,prob+gap,,,,,,0.201,0.008,△
2026-05-02,202605020309,是政S,14,アカデミア,0.52,True,,False,0,"14→2,14→12,14→1",False,0,0.428,0.092,◎
2026-05-02,202605020310,スイートピーS,9,サムシングスイート,0.307,True,,False,0,"9→6,9→11,9→2",False,0,0.201,0.106,○
2026-05-02,202605020311,京王杯SC,2,ダノンセンチュリー,0.239,False,prob+gap,,,,,,0.22,0.019,△
2026-05-02,202605020312,4歳以上2勝クラス,2,ヘリオトロープ,0.362,True,,False,0,"2→5,2→8,2→3",False,0,0.189,0.173,○
2026-05-02,202608030301,3歳未勝利,11,グレイトソン,0.094,False,maiden+prob+gap,,,,,,0.073,0.021,△
2026-05-02,202608030302,3歳未勝利,11,ガラード,0.14,False,maiden+prob+gap,,,,,,0.082,0.058,△
2026-05-02,202608030303,3歳未勝利,4,ミラキュラスアース,0.16,False,maiden+prob+gap,,,,,,0.14,0.02,△
2026-05-02,202608030304,3歳未勝利,17,サトノフレイ,0.429,False,maiden,,,,,,0.238,0.191,△
2026-05-02,202608030305,3歳未勝利,6,ロードスタニング,0.443,False,maiden,,,,,,0.07,0.373,△
2026-05-02,202608030306,4歳以上1勝クラス,11,アロマフェリス,0.202,False,prob+gap,,,,,,0.194,0.008,△
2026-05-02,202608030307,3歳1勝クラス,8,フロムレイブン,0.145,False,prob+gap,,,,,,0.141,0.005,△
2026-05-02,202608030308,4歳以上1勝クラス,7,ハミルトン,0.187,False,prob+gap,,,,,,0.128,0.059,△
2026-05-02,202608030309,矢車賞,1,ロングトールサリー,0.312,True,,False,0,"1→6,1→9,1→5",False,0,0.124,0.187,○
2026-05-02,202608030310,京極特別,2,ヴリトラハン,0.322,True,,False,0,"2→1,2→11,2→5",False,0,0.118,0.204,○
2026-05-02,202608030311,ユニコーンS,11,メルカントゥール,0.47,True,,False,0,"11→4,11→5,11→3",False,0,0.158,0.312,◎
2026-05-02,202608030312,4歳以上1勝クラス,5,ヤエギリ,0.193,False,prob+gap,,,,,,0.127,0.065,△
2026-05-02,202604010101,4歳以上障害未勝利,14,ディベルティスマン,0.124,False,maiden+prob+gap,,,,,,0.086,0.039,△
2026-05-02,202604010102,3歳未勝利,3,アトリ,0.236,False,maiden+prob+gap,,,,,,0.21,0.027,△
2026-05-02,202604010103,3歳未勝利,6,マリブサーフ,0.33,False,maiden+gap+ev,,,,,,0.268,0.063,△
2026-05-02,202604010104,4歳以上障害OP,11,ウォーターリーダー,0.096,False,prob+gap,,,,,,0.095,0.001,△
2026-05-02,202604010105,3歳未勝利,9,ヤマニンアレシス,0.156,False,maiden+prob+gap,,,,,,0.139,0.017,△
2026-05-02,202604010106,3歳未勝利,4,フォーティンブラス,0.159,False,maiden+prob+gap,,,,,,0.148,0.01,△
2026-05-02,202604010107,4歳以上1勝クラス,14,サトノシャムロック,0.11,False,prob+gap,,,,,,0.103,0.007,△
2026-05-02,202604010108,4歳以上1勝クラス,8,ロケベンドラ,0.135,False,prob+gap,,,,,,0.115,0.02,△
2026-05-02,202604010109,わらび賞,4,スマートグロワール,0.152,False,prob+gap,,,,,,0.125,0.027,△
2026-05-02,202604010110,胎内川特別,12,ナイトスラッガー,0.129,False,prob+gap,,,,,,0.125,0.005,△
2026-05-02,202604010111,三条S,9,モズカトレア,0.13,False,prob+gap,,,,,,0.116,0.014,△
2026-05-02,202604010112,4歳以上1勝クラス,2,フランクスピード,0.309,False,prob,,,,,,0.108,0.201,△
2026-05-03,202605020401,3歳未勝利,13,ブルーサーマル,0.425,False,maiden,,,,,,0.289,0.136,△
2026-05-03,202605020402,3歳未勝利,10,レイズレガシー,0.191,False,maiden+prob+gap,,,,,,0.179,0.012,△
2026-05-03,202605020403,3歳未勝利,6,スティールヴォーグ,0.258,False,maiden+prob,,,,,,0.178,0.079,△
2026-05-03,202605020404,3歳未勝利,6,ベアサナエチャン,0.143,False,maiden+prob+gap,,,,,,0.128,0.015,△
2026-05-03,202605020405,3歳未勝利,4,トランスマーレ,0.266,False,maiden+prob,,,,,,0.091,0.175,△
2026-05-03,202605020406,3歳1勝クラス,14,フルミネブル,0.368,False,ev,,,,,,0.205,0.162,△
2026-05-03,202605020407,4歳以上1勝クラス,9,コーシューパンジャ,0.114,False,prob+gap,,,,,,0.103,0.011,△
2026-05-03,202605020408,4歳以上2勝クラス,8,ダノンブギ,0.118,False,prob+gap,,,,,,0.099,0.019,△
2026-05-03,202605020409,府中S,17,ユキワリザクラ,0.187,False,prob+gap,,,,,,0.187,0.0,△
2026-05-03,202605020410,ブリリアントS,8,クールミラボー,0.168,False,prob+gap,,,,,,0.145,0.023,△
2026-05-03,202605020411,プリンシパルS,5,ウィロークリーク,0.159,False,prob+gap,,,,,,0.122,0.036,△
2026-05-03,202605020412,4歳以上2勝クラス,13,アイアムイチバン,0.292,False,prob+gap,,,,,,0.262,0.031,△
2026-05-03,202608030401,3歳未勝利,4,タガノシルフィー,0.15,False,maiden+prob+gap,,,,,,0.13,0.02,△
2026-05-03,202608030402,3歳未勝利,2,エクストラプッシュ,0.283,False,maiden+prob+gap+ev,,,,,,0.222,0.061,△
2026-05-03,202608030403,3歳未勝利,11,ウンナターシャ,0.29,False,maiden+prob+gap,,,,,,0.269,0.02,△
2026-05-03,202608030404,3歳未勝利,7,ダノンミッドナイト,0.284,False,maiden+prob+gap,,,,,,0.283,0.001,△
2026-05-03,202608030405,3歳未勝利,10,ビロングトゥミー,0.202,False,maiden+prob+gap,,,,,,0.169,0.033,△
2026-05-03,202608030406,3歳1勝クラス,1,テーオーパーセル,0.236,False,prob+gap,,,,,,0.208,0.027,△
2026-05-03,202608030407,4歳以上1勝クラス,4,サラコスティ,0.181,False,prob+gap,,,,,,0.133,0.048,△
2026-05-03,202608030408,御池特別,14,タガノアンファン,0.225,False,prob,,,,,,0.141,0.084,△
2026-05-03,202608030409,六波羅特別,5,テーオーライマン,0.359,False,gap,,,,,,0.35,0.009,△
2026-05-03,202608030410,朱雀S,4,レッドエヴァンス,0.282,False,prob+gap,,,,,,0.245,0.036,△
2026-05-03,202608030411,天皇賞(春),7,クロワデュノール,0.593,True,,True,180,"7→1,7→11,7→14",False,0,0.347,0.245,◎
2026-05-03,202608030412,東大路S,10,スニーカースキル,0.164,False,prob+gap,,,,,,0.154,0.01,△
2026-05-03,202604010201,3歳未勝利,6,ピアス,0.139,False,maiden+prob+gap,,,,,,0.098,0.041,△
2026-05-03,202604010202,3歳未勝利,10,ミスタートントン,0.208,False,maiden+prob+gap,,,,,,0.172,0.036,△
2026-05-03,202604010203,3歳未勝利,6,コイオステソーロ,0.165,False,maiden+prob,,,,,,0.095,0.07,△
2026-05-03,202604010204,4歳以上障害未勝利,7,モズナイスバディー,0.241,False,maiden+prob+gap+ev,,,,,,0.179,0.061,△
2026-05-03,202604010205,3歳未勝利,4,レインボーステート,0.091,False,maiden+prob+gap,,,,,,0.062,0.029,△
2026-05-03,202604010206,4歳以上1勝クラス,11,ノーブルアクト,0.117,False,prob+gap,,,,,,0.11,0.007,△
2026-05-03,202604010207,4歳以上1勝クラス,13,ベルサ,0.39,True,,False,0,"13→14,13→9,13→15",False,0,0.247,0.142,○
2026-05-03,202604010208,4歳以上1勝クラス,4,マドモアゼルアスク,0.152,False,prob+gap,,,,,,0.136,0.016,△
2026-05-03,202604010209,咲花特別,4,レイバックスピン,0.148,False,prob+gap,,,,,,0.144,0.004,△
2026-05-03,202604010210,邁進特別,4,ヒラボクミニー,0.146,False,prob+gap,,,,,,0.094,0.052,△
2026-05-03,202604010211,越後S,4,ブレーザー,0.146,False,prob+gap,,,,,,0.133,0.013,△
2026-05-03,202604010212,4歳以上1勝クラス,3,タケルハーロック,0.137,False,prob+gap,,,,,,0.107,0.03,△
2026-05-09,202605020501,3歳未勝利,13,サリーアン,0.159,False,maiden+prob+gap,,,,,,0.12,0.039,△
2026-05-09,202605020502,3歳未勝利,10,ミーサーク,0.367,False,maiden,,,,,,0.104,0.263,△
2026-05-09,202605020503,3歳未勝利,9,トルネードアイル,0.529,False,maiden,,,,,,0.43,0.099,△
2026-05-09,202605020504,3歳未勝利,6,ガードオブオナー,0.406,False,maiden,,,,,,0.176,0.23,△
2026-05-09,202605020505,3歳未勝利,11,ワディアルリヤハ,0.443,False,maiden+gap,,,,,,0.422,0.021,△
2026-05-09,202605020506,3歳1勝クラス,12,アメテュストス,0.193,False,prob+gap,,,,,,0.182,0.01,△
2026-05-09,202605020507,4歳以上1勝クラス,3,タマモトリノ,0.408,True,,False,0,"3→14,3→4,3→7",False,0,0.136,0.272,◎
2026-05-09,202605020508,4歳以上2勝クラス,6,カリーニョ,0.386,True,,False,0,"6→2,6→5,6→3",False,0,0.159,0.228,○
2026-05-09,202605020509,分倍河原S,7,アンパドゥ,0.359,True,,True,180,"7→8,7→3,7→12",True,690,0.277,0.082,○
2026-05-09,202605020510,青竜S,14,メイショウバルク,0.33,False,gap,,,,,,0.289,0.04,△
2026-05-09,202605020511,エプソムC,14,サクラファレル,0.371,False,gap,,,,,,0.325,0.046,△
2026-05-09,202605020512,4歳以上2勝クラス,7,ヴィンブルレー,0.163,False,prob+gap,,,,,,0.151,0.012,△
2026-05-09,202608030501,3歳未勝利,3,マクアケ,0.203,False,maiden+prob+gap,,,,,,0.181,0.022,△
2026-05-09,202608030502,3歳未勝利,4,ワンダーゾルダート,0.162,False,maiden+prob,,,,,,0.065,0.097,△
2026-05-09,202608030503,3歳未勝利,3,モンシーク,0.571,False,maiden+ev,,,,,,0.183,0.388,△
2026-05-09,202608030504,3歳未勝利,6,ティタノマキア,0.2,False,maiden+prob,,,,,,0.125,0.075,△
2026-05-09,202608030505,3歳1勝クラス,3,ダークマルス,0.285,False,prob,,,,,,0.202,0.083,△
2026-05-09,202608030506,3歳1勝クラス,7,マメタンク,0.174,False,prob+gap,,,,,,0.162,0.013,△
2026-05-09,202608030507,4歳以上1勝クラス,11,メイショウコナン,0.107,False,prob+gap,,,,,,0.099,0.009,△
2026-05-09,202608030508,4歳以上1勝クラス,1,ララバッカナール,0.268,False,prob,,,,,,0.137,0.131,△
2026-05-09,202608030509,久御山特別,8,ダガーリング,0.303,False,gap+ev,,,,,,0.28,0.023,△
2026-05-09,202608030510,鴨川特別,5,アオイタケル,0.477,False,ev,,,,,,0.272,0.205,△
2026-05-09,202608030511,京都新聞杯,15,ベレシート,0.49,True,,False,0,"15→12,15→16,15→10",False,0,0.275,0.214,◎
2026-05-09,202608030512,4歳以上2勝クラス,7,ニホンピロデヴィン,0.32,False,ev,,,,,,0.195,0.125,△
2026-05-09,202604010301,4歳以上障害未勝利,10,ソレルビュレット,0.08,False,maiden+prob+gap,,,,,,0.078,0.001,△
2026-05-09,202604010302,3歳未勝利,2,セブンワンダーズ,0.119,False,maiden+prob+gap,,,,,,0.113,0.006,△
2026-05-09,202604010303,3歳未勝利,10,ローズオブジャパン,0.176,False,maiden+prob+gap,,,,,,0.128,0.048,△
2026-05-09,202604010304,4歳以上障害OP,6,ロードリベラシオン,0.088,False,prob+gap,,,,,,0.07,0.018,△
2026-05-09,202604010305,3歳未勝利,3,ザムーン,0.133,False,maiden+prob,,,,,,0.063,0.071,△
2026-05-09,202604010306,3歳未勝利,13,ダンツウルス,0.147,False,maiden+prob+gap,,,,,,0.096,0.051,△
2026-05-09,202604010307,4歳以上1勝クラス,12,ピコテンダー,0.111,False,prob+gap,,,,,,0.093,0.019,△
2026-05-09,202604010308,4歳以上1勝クラス,8,カルネヴァーレ,0.096,False,prob+gap,,,,,,0.082,0.015,△
2026-05-09,202604010309,ゆきつばき賞,12,デンプシー,0.329,True,,False,0,"12→1,12→11,12→13",False,0,0.143,0.186,○
2026-05-09,202604010310,粟島特別,10,シャインフリーリー,0.08,False,prob+gap,,,,,,0.076,0.004,△
2026-05-09,202604010311,駿風S,8,ジュンヴァンケット,0.138,False,prob+gap,,,,,,0.107,0.031,△
2026-05-09,202604010312,4歳以上1勝クラス,11,ハイクオリティ,0.152,False,prob+gap,,,,,,0.099,0.053,△
2026-05-10,202605020601,3歳未勝利,8,カラクリスピリッツ,0.071,False,maiden+prob+gap,,,,,,0.07,0.001,△
2026-05-10,202605020602,3歳未勝利,7,フルールサシェ,0.087,False,maiden+prob+gap,,,,,,0.076,0.011,△
2026-05-10,202605020603,3歳未勝利,3,セシルブリュネ,0.262,False,maiden+prob+gap,,,,,,0.239,0.023,△
2026-05-10,202605020604,3歳未勝利,4,ランブルスコ,0.351,False,maiden,,,,,,0.158,0.193,△
2026-05-10,202605020605,3歳1勝クラス,10,イルカンダ,0.225,False,prob+gap,,,,,,0.186,0.039,△
2026-05-10,202605020606,4歳以上1勝クラス,10,アセンブリールーム,0.276,False,prob,,,,,,0.137,0.138,△
2026-05-10,202605020607,4歳以上1勝クラス,13,キミハスコール,0.171,False,prob+gap,,,,,,0.145,0.025,△
2026-05-10,202605020608,4歳以上2勝クラス,7,レッドキングリー,0.325,False,gap,,,,,,0.308,0.017,△
2026-05-10,202605020609,日吉特別,3,オオタチ,0.313,True,,False,0,"3→7,3→1,3→8",False,0,0.149,0.164,○
2026-05-10,202605020610,メトロポリタンS,10,シャイニングソード,0.414,True,,False,0,"10→4,10→6,10→8",False,0,0.278,0.136,◎
2026-05-10,202605020611,NHKマイルC,17,ロデオドライブ,0.216,False,prob+gap,,,,,,0.165,0.051,△
2026-05-10,202605020612,立夏S,13,ミライヘノカギ,0.445,True,,False,0,"13→6,13→3,13→8",False,0,0.289,0.157,◎
2026-05-10,202608030601,3歳未勝利,8,スマイルガーデン,0.264,False,maiden+prob+gap,,,,,,0.205,0.059,△
2026-05-10,202608030602,3歳未勝利,6,ルーポ,0.184,False,maiden+prob+gap,,,,,,0.171,0.013,△
2026-05-10,202608030603,3歳未勝利,9,レディトゥフライト,0.135,False,maiden+prob+gap,,,,,,0.075,0.06,△
2026-05-10,202608030604,3歳未勝利,14,メイショウローゼ,0.183,False,maiden+prob+gap,,,,,,0.158,0.026,△
2026-05-10,202608030605,3歳未勝利,8,フレアオブセンス,0.116,False,maiden+prob+gap,,,,,,0.102,0.014,△
2026-05-10,202608030606,4歳以上1勝クラス,2,ドルチェリターン,0.168,False,prob+gap,,,,,,0.11,0.058,△
2026-05-10,202608030607,3歳1勝クラス,6,シュネルアンジュ,0.415,True,,False,0,"6→8,6→10,6→7",False,0,0.13,0.285,◎
2026-05-10,202608030608,4歳以上1勝クラス,1,ジーティーエスピ,0.115,False,prob+gap,,,,,,0.094,0.02,△
2026-05-10,202608030609,烏丸S,7,サークルオブジョイ,0.143,False,prob+gap,,,,,,0.11,0.033,△
2026-05-10,202608030610,橘S,5,スペルーチェ,0.126,False,prob+gap,,,,,,0.108,0.018,△
2026-05-10,202608030611,平城京S,5,ワイドブリザード,0.255,False,prob,,,,,,0.122,0.133,△
2026-05-10,202608030612,4歳以上2勝クラス,2,メイショウタムシバ,0.127,False,prob+gap,,,,,,0.12,0.006,△
2026-05-10,202604010401,3歳未勝利,1,ロココ,0.074,False,maiden+prob+gap,,,,,,0.07,0.004,△
2026-05-10,202604010402,3歳未勝利,14,フェルアフリーゼ,0.131,False,maiden+prob+gap,,,,,,0.13,0.001,△
2026-05-10,202604010403,3歳未勝利,2,マイネルゼーロス,0.136,False,maiden+prob+gap,,,,,,0.112,0.024,△
2026-05-10,202604010404,4歳以上障害未勝利,4,レヴァントリ,0.068,False,maiden+prob+gap,,,,,,0.064,0.004,△
2026-05-10,202604010405,3歳未勝利,12,ファストフォワード,0.074,False,maiden+prob+gap,,,,,,0.074,0.001,△
2026-05-10,202604010406,3歳未勝利,16,ジョイアミーア,0.178,False,maiden+prob,,,,,,0.088,0.09,△
2026-05-10,202604010407,4歳以上1勝クラス,13,テーオーミリカン,0.12,False,prob+gap,,,,,,0.109,0.01,△
2026-05-10,202604010408,4歳以上1勝クラス,6,ペンテリコン,0.119,False,prob+gap,,,,,,0.1,0.019,△
2026-05-10,202604010409,荒川峡特別,10,パイオニアスクエア,0.145,False,prob+gap,,,,,,0.127,0.018,△
2026-05-10,202604010410,五泉特別,7,ケーヴァラ,0.114,False,prob+gap,,,,,,0.107,0.007,△
2026-05-10,202604010411,谷川岳S,13,シンフォーエバー,0.091,False,prob+gap,,,,,,0.09,0.001,△
2026-05-10,202604010412,4歳以上1勝クラス,7,ジェニファー,0.198,False,prob,,,,,,0.116,0.082,△
2026-05-16,202605020701,3歳未勝利,13,アクロスメモリア,0.254,False,maiden+prob,,,,,,0.168,0.086,△
2026-05-16,202605020702,3歳未勝利,5,アオイミズホ,0.146,False,maiden+prob+gap,,,,,,0.088,0.058,△
2026-05-16,202605020703,3歳未勝利,8,ココラッシー,0.261,False,maiden+prob+gap,,,,,,0.192,0.069,△
2026-05-16,202605020704,3歳未勝利,8,カンティーナ,0.138,False,maiden+prob+gap,,,,,,0.119,0.019,△
2026-05-16,202605020705,3歳未勝利,2,ハニージョー,0.443,False,maiden,,,,,,0.124,0.318,△
2026-05-16,202605020706,3歳1勝クラス,7,ガローファノ,0.365,True,,False,0,"7→4,7→3,7→1",False,0,0.14,0.225,○
2026-05-16,202605020707,3歳1勝クラス,4,エアサロメ,0.123,False,prob+gap,,,,,,0.117,0.006,△
2026-05-16,202605020708,4歳以上1勝クラス,12,ビービーバザーク,0.201,False,prob+gap,,,,,,0.147,0.053,△
2026-05-16,202605020709,調布特別,3,シャンソンドール,0.33,True,,False,0,"3→6,3→1,3→2",False,0,0.199,0.131,○
2026-05-16,202605020710,立川特別,11,ポッドベル,0.275,False,prob,,,,,,0.173,0.102,△
2026-05-16,202605020711,六社S,6,トリプルコーク,0.252,False,prob,,,,,,0.171,0.081,△
2026-05-16,202605020712,4歳以上1勝クラス,9,ケープウィッカム,0.23,False,prob,,,,,,0.095,0.136,△
2026-05-16,202608030701,3歳未勝利,12,シャドウルーラー,0.163,False,maiden+prob+gap,,,,,,0.157,0.006,△
2026-05-16,202608030702,3歳未勝利,6,ダイメイクマモト,0.156,False,maiden+prob+gap,,,,,,0.108,0.049,△
2026-05-16,202608030703,3歳未勝利,4,アクアアイ,0.222,False,maiden+prob,,,,,,0.118,0.105,△
2026-05-16,202608030704,3歳未勝利,6,ドンテスタマスター,0.096,False,maiden+prob+gap,,,,,,0.093,0.004,△
2026-05-16,202608030705,3歳未勝利,2,ウイルソン,0.164,False,maiden+prob+gap,,,,,,0.128,0.035,△
2026-05-16,202608030706,4歳以上1勝クラス,13,チムニーパイプ,0.106,False,prob+gap,,,,,,0.1,0.006,△
2026-05-16,202608030707,4歳以上1勝クラス,1,シャンパンライフ,0.165,False,prob+gap,,,,,,0.131,0.034,△
2026-05-16,202608030708,京都ハイジャンプ,1,ダノンロッキー,0.076,False,prob+gap,,,,,,0.067,0.009,△
2026-05-16,202608030709,あずさ賞,3,サイモンシャリオ,0.121,False,prob+gap,,,,,,0.112,0.01,△
2026-05-16,202608030710,上賀茂S,14,タイセイアディクト,0.26,False,prob,,,,,,0.164,0.096,△
2026-05-16,202608030711,鞍馬S,14,アブキールベイ,0.146,False,prob+gap,,,,,,0.108,0.038,△
2026-05-16,202608030712,4歳以上2勝クラス,10,ライトニングゼウス,0.297,False,prob,,,,,,0.126,0.171,△
2026-05-16,202604010501,3歳未勝利,7,クリムゾンリーフ,0.115,False,maiden+prob+gap,,,,,,0.091,0.024,△
2026-05-16,202604010502,3歳未勝利,12,ナムラロダン,0.174,False,maiden+prob+gap,,,,,,0.139,0.035,△
2026-05-16,202604010503,3歳未勝利,8,リアライズガイザー,0.388,False,maiden,,,,,,0.178,0.21,△
2026-05-16,202604010504,3歳未勝利,4,ゼランテ,0.13,False,maiden+prob+gap,,,,,,0.094,0.036,△
2026-05-16,202604010505,3歳未勝利,2,ヴェニゼロス,0.139,False,maiden+prob+gap,,,,,,0.095,0.044,△
2026-05-16,202604010506,3歳未勝利,11,ジョイアミーア,0.187,False,maiden+prob,,,,,,0.065,0.122,△
2026-05-16,202604010507,4歳以上1勝クラス,9,シャンハイナイト,0.125,False,prob+gap,,,,,,0.094,0.031,△
2026-05-16,202604010508,4歳以上1勝クラス,9,ファルコンミノル,0.612,True,,True,230,"9→6,9→5,9→2",False,0,0.109,0.503,◎
2026-05-16,202604010509,石打特別,12,ルールーリマ,0.176,False,prob,,,,,,0.101,0.075,△
2026-05-16,202604010510,中ノ岳特別,1,アークドール,0.372,False,gap,,,,,,0.304,0.068,△
2026-05-16,202604010511,新潟大賞典,6,ドゥラドーレス,0.266,False,prob,,,,,,0.138,0.128,△
2026-05-16,202604010512,4歳以上1勝クラス,11,ワンコールアウェイ,0.401,True,,False,0,"11→10,11→3,11→16",False,0,0.136,0.265,◎
2026-05-17,202605020801,3歳未勝利,5,コーリンクレア,0.248,False,maiden+prob+ev,,,,,,0.163,0.085,△
2026-05-17,202605020802,3歳未勝利,14,デスサイズ,0.132,False,maiden+prob+gap,,,,,,0.108,0.024,△
2026-05-17,202605020803,3歳未勝利,7,アイムスティルミー,0.12,False,maiden+prob+gap,,,,,,0.1,0.019,△
2026-05-17,202605020804,3歳未勝利,3,マジックパレス,0.132,False,maiden+prob+gap,,,,,,0.13,0.003,△
2026-05-17,202605020805,3歳未勝利,11,ショウナンマルチ,0.497,False,maiden,,,,,,0.134,0.363,△
2026-05-17,202605020806,3歳1勝クラス,5,バルボアパーク,0.385,True,,False,0,"5→2,5→6,5→1",False,0,0.204,0.181,○
2026-05-17,202605020807,3歳1勝クラス,4,ブルースカイブルー,0.113,False,prob+gap,,,,,,0.104,0.009,△
2026-05-17,202605020808,4歳以上1勝クラス,8,エデルクローネ,0.272,False,prob,,,,,,0.157,0.114,△
2026-05-17,202605020809,テレ玉杯,3,シルバーレイン,0.166,False,prob,,,,,,0.091,0.074,△
2026-05-17,202605020810,青梅特別,1,グロスビーク,0.318,True,,False,0,"1→14,1→15,1→6",False,0,0.15,0.168,○
2026-05-17,202605020811,ヴィクトリアマイル,12,エンブロイダリー,0.505,True,,True,190,"12→14,12→6,12→4",False,0,0.149,0.356,◎
2026-05-17,202605020812,BSイレブン賞,3,コーラルクラウン,0.245,False,prob+gap,,,,,,0.219,0.026,△
2026-05-17,202608030801,3歳未勝利,3,マカロンブルー,0.121,False,maiden+prob+gap,,,,,,0.094,0.027,△
2026-05-17,202608030802,3歳未勝利,9,サトノフレイ,0.124,False,maiden+prob+gap,,,,,,0.111,0.013,△
2026-05-17,202608030803,3歳未勝利,4,ウィムーヴ,0.143,False,maiden+prob+gap,,,,,,0.103,0.04,△
2026-05-17,202608030804,3歳未勝利,11,エアヴァイブス,0.177,False,maiden+prob+gap,,,,,,0.143,0.034,△
2026-05-17,202608030805,3歳未勝利,9,ライツェントライゼ,0.13,False,maiden+prob+gap,,,,,,0.104,0.027,△
2026-05-17,202608030806,3歳1勝クラス,9,ラブインアクション,0.133,False,prob+gap,,,,,,0.133,0.0,△
2026-05-17,202608030807,4歳以上1勝クラス,12,サミダレナイツ,0.145,False,prob+gap,,,,,,0.135,0.01,△
2026-05-17,202608030808,4歳以上2勝クラス,4,ソウルアンドジャズ,0.136,False,prob+gap,,,,,,0.121,0.015,△
2026-05-17,202608030809,白川特別,8,メイショウアイル,0.109,False,prob+gap,,,,,,0.098,0.011,△
2026-05-17,202608030810,錦S,9,エポックヴィーナス,0.097,False,prob+gap,,,,,,0.086,0.01,△
2026-05-17,202608030811,栗東S,6,ルークススペイ,0.137,False,prob+gap,,,,,,0.115,0.022,△
2026-05-17,202608030812,4歳以上2勝クラス,11,メイショウカイト,0.114,False,prob+gap,,,,,,0.108,0.006,△
2026-05-17,202604010601,4歳以上障害未勝利,6,ライツフォル,0.107,False,maiden+prob+gap,,,,,,0.099,0.008,△
2026-05-17,202604010602,3歳未勝利,6,エタンセル,0.097,False,maiden+prob+gap,,,,,,0.083,0.014,△
2026-05-17,202604010603,3歳未勝利,2,ベルオーシャン,0.145,False,maiden+prob+gap,,,,,,0.134,0.011,△
2026-05-17,202604010604,4歳以上障害未勝利,12,アルヴィア,0.3,False,maiden+prob+ev,,,,,,0.127,0.174,△
2026-05-17,202604010605,3歳未勝利,13,レゼルフォート,0.123,False,maiden+prob+gap,,,,,,0.11,0.013,△
2026-05-17,202604010606,3歳未勝利,3,オーケーリアン,0.159,False,maiden+prob+gap,,,,,,0.131,0.028,△
2026-05-17,202604010607,4歳以上1勝クラス,8,ベネスピラ,0.115,False,prob+gap,,,,,,0.104,0.011,△
2026-05-17,202604010608,4歳以上1勝クラス,4,ミッキーコンドル,0.112,False,prob+gap,,,,,,0.112,0.0,△
2026-05-17,202604010609,飛竜特別,16,ミエノブラボー,0.114,False,prob+gap,,,,,,0.103,0.011,△
2026-05-17,202604010610,信濃川特別,14,マリアイリダータ,0.096,False,prob+gap,,,,,,0.086,0.01,△
2026-05-17,202604010611,弥彦S,8,バッデレイト,0.123,False,prob+gap,,,,,,0.114,0.01,△
2026-05-17,202604010612,4歳以上1勝クラス,4,シルフレイ,0.339,True,,False,0,"4→2,4→9,4→10",False,0,0.216,0.123,○
2026-05-23,202605020901,3歳未勝利,14,アイアンパイク,0.159,False,maiden+prob+gap,,,,,,0.134,0.025,△
2026-05-23,202605020902,3歳未勝利,14,ウインビギニング,0.565,False,maiden,,,,,,0.183,0.382,△
2026-05-23,202605020903,3歳未勝利,5,コスモラムバック,0.069,False,maiden+prob+gap,,,,,,0.066,0.004,△
2026-05-23,202605020904,3歳未勝利,4,ウィズアツインクル,0.142,False,maiden+prob+gap,,,,,,0.101,0.042,△
2026-05-23,202605020905,3歳未勝利,14,インドミタビリティ,0.338,False,maiden,,,,,,0.223,0.115,△
2026-05-23,202605020906,3歳1勝クラス,1,スカイストライプス,0.341,True,,False,0,"1→12,1→4,1→7",False,0,0.271,0.07,○
2026-05-23,202605020907,4歳以上1勝クラス,17,カザンラク,0.282,False,prob,,,,,,0.171,0.111,△
2026-05-23,202605020908,4歳以上1勝クラス,13,ヘルヴェティオス,0.482,True,,False,0,"13→10,13→7,13→12",False,0,0.33,0.152,◎
2026-05-23,202605020909,カーネーションC,10,イクシード,0.163,False,prob+gap,,,,,,0.129,0.034,△
2026-05-23,202605020910,高尾特別,5,チムグクル,0.232,False,prob+gap,,,,,,0.175,0.058,△
2026-05-23,202605020911,欅S,5,ニシキギミッチー,0.232,False,prob,,,,,,0.131,0.101,△
2026-05-23,202605020912,4歳以上2勝クラス,9,フィールオーサム,0.428,True,,False,0,"9→15,9→3,9→10",False,0,0.31,0.118,◎
2026-05-23,202608030901,3歳未勝利,3,メリフルアス,0.22,False,maiden+prob+gap,,,,,,0.17,0.051,△
2026-05-23,202608030902,3歳未勝利,3,メイショウコシュウ,0.317,False,maiden,,,,,,0.119,0.198,△
2026-05-23,202608030903,3歳未勝利,15,コスモファーブロス,0.192,False,maiden+prob+gap,,,,,,0.156,0.037,△
2026-05-23,202608030904,3歳未勝利,15,サンダーバード,0.24,False,maiden+prob+gap+ev,,,,,,0.181,0.059,△
2026-05-23,202608030905,3歳未勝利,6,ペガサスジルシ,0.246,False,maiden+prob,,,,,,0.176,0.071,△
2026-05-23,202608030906,3歳1勝クラス,3,シオンダンサー,0.364,False,gap,,,,,,0.313,0.051,△
2026-05-23,202608030907,4歳以上1勝クラス,5,ポイントネモ,0.371,True,,False,0,"5→1,5→8,5→9",False,0,0.23,0.142,○
2026-05-23,202608030908,4歳以上1勝クラス,10,マディソンガール,0.34,True,,True,160,"10→11,10→6,10→8",False,0,0.19,0.15,○
2026-05-23,202608030909,メルボルンT,5,リアンマヒナ,0.24,False,prob,,,,,,0.169,0.072,△
2026-05-23,202608030910,シドニーT,4,シャドウメテオ,0.185,False,prob+gap,,,,,,0.153,0.032,△
2026-05-23,202608030911,平安S,11,タイトニット,0.298,False,prob+gap,,,,,,0.29,0.007,△
2026-05-23,202608030912,オーストラリアT,14,ヴリトラハン,0.544,True,,False,0,"14→4,14→8,14→12",False,0,0.135,0.409,◎
2026-05-23,202604010701,4歳以上障害未勝利,12,エターナルシルバー,0.109,False,maiden+prob+gap,,,,,,0.091,0.018,△
2026-05-23,202604010702,3歳未勝利,15,ウェルム,0.098,False,maiden+prob+gap,,,,,,0.063,0.035,△
2026-05-23,202604010703,3歳未勝利,1,マイネルテオドロス,0.129,False,maiden+prob+gap,,,,,,0.122,0.007,△
2026-05-23,202604010704,4歳以上障害OP,7,ゲインサポート,0.073,False,prob+gap,,,,,,0.068,0.005,△
2026-05-23,202604010705,3歳未勝利,7,パトローナス,0.17,False,maiden+prob+gap,,,,,,0.158,0.011,△
2026-05-23,202604010706,3歳未勝利,5,キープシャイニング,0.143,False,maiden+prob+gap,,,,,,0.137,0.005,△
2026-05-23,202604010707,3歳未勝利,5,パーヴォ,0.165,False,maiden+prob+gap,,,,,,0.14,0.026,△
2026-05-23,202604010708,4歳以上1勝クラス,15,ハギノコラソン,0.13,False,prob+gap,,,,,,0.108,0.023,△
2026-05-23,202604010709,はやぶさ賞,14,トモジャオーリー,0.146,False,prob+gap,,,,,,0.132,0.013,△
2026-05-23,202604010710,尖閣湾特別,15,クラウディアイ,0.136,False,prob+gap,,,,,,0.118,0.018,△
2026-05-23,202604010711,大日岳特別,4,ヴァンヴィーヴ,0.376,True,,False,0,"4→10,4→15,4→14",False,0,0.111,0.265,○
2026-05-23,202604010712,4歳以上1勝クラス,11,ヴェントインコーダ,0.106,False,prob+gap,,,,,,0.09,0.017,△
2026-05-24,202605021001,3歳未勝利,4,ヨルヴィック,0.449,False,maiden,,,,,,0.147,0.302,△
2026-05-24,202605021002,3歳未勝利,11,トルネードアイル,0.548,False,maiden,,,,,,0.228,0.32,△
2026-05-24,202605021003,3歳未勝利,8,アイムインディ,0.382,False,maiden+ev,,,,,,0.233,0.149,△
2026-05-24,202605021004,3歳未勝利,14,クレアノア,0.322,False,maiden+prob+gap,,,,,,0.311,0.012,△
2026-05-24,202605021005,3歳未勝利,13,ジュナベーラ,0.204,False,maiden+prob,,,,,,0.126,0.078,△
2026-05-24,202605021006,3歳1勝クラス,6,ヘリテージブルーム,0.561,False,ev,,,,,,0.129,0.431,△
2026-05-24,202605021007,4歳以上1勝クラス,16,サラコスティ,0.245,False,prob,,,,,,0.127,0.118,△
2026-05-24,202605021008,三峰山特別,5,ディーズゴールド,0.402,False,gap,,,,,,0.382,0.02,△
2026-05-24,202605021009,国分寺特別,1,アールヴィヴァン,0.273,False,prob,,,,,,0.189,0.084,△
2026-05-24,202605021010,フリーウェイS,6,レッドエヴァンス,0.317,True,,True,740,"6→9,6→14,6→4",False,0,0.236,0.081,○
2026-05-24,202605021011,オークス,18,ラフターラインズ,0.25,False,prob+gap,,,,,,0.239,0.01,△
2026-05-24,202605021012,丹沢S,7,ギュルヴィ,0.43,True,,True,240,"7→3,7→1,7→5",True,760,0.284,0.146,◎
2026-05-24,202608031001,3歳未勝利,11,フィデリス,0.486,False,maiden+gap,,,,,,0.455,0.031,△
2026-05-24,202608031002,3歳未勝利,11,ウインモンクール,0.17,False,maiden+prob+gap,,,,,,0.156,0.015,△
2026-05-24,202608031003,3歳未勝利,3,タイムレスフレアー,0.12,False,maiden+prob+gap,,,,,,0.116,0.004,△
2026-05-24,202608031004,3歳未勝利,10,ティタノマキア,0.16,False,maiden+prob+gap,,,,,,0.121,0.039,△
2026-05-24,202608031005,3歳1勝クラス,1,マイケルバローズ,0.185,False,prob+gap,,,,,,0.151,0.035,△
2026-05-24,202608031006,3歳1勝クラス,12,ボクマダネムイヨ,0.23,False,prob+gap,,,,,,0.179,0.05,△
2026-05-24,202608031007,4歳以上1勝クラス,3,ハルオーブ,0.081,False,prob+gap,,,,,,0.079,0.002,△
2026-05-24,202608031008,4歳以上2勝クラス,5,サイモンシュバリエ,0.149,False,prob+gap,,,,,,0.122,0.027,△
2026-05-24,202608031009,聖護院特別,8,ジョイエッロ,0.505,True,,False,0,"8→10,8→9,8→6",False,0,0.123,0.382,◎
2026-05-24,202608031010,高瀬川S,11,ハクサンアイリス,0.203,False,prob,,,,,,0.108,0.096,△
2026-05-24,202608031011,都大路S,12,ジーティーアダマン,0.259,False,prob,,,,,,0.117,0.142,△
2026-05-24,202608031012,4歳以上1勝クラス,13,ララバッカナール,0.292,False,prob,,,,,,0.132,0.16,△
2026-05-24,202604010801,3歳未勝利,13,ハルヒメ,0.134,False,maiden+prob+gap,,,,,,0.088,0.046,△
2026-05-24,202604010802,3歳未勝利,3,アーガイルショア,0.13,False,maiden+prob+gap,,,,,,0.115,0.015,△
2026-05-24,202604010803,3歳未勝利,2,マイネルゼーロス,0.138,False,maiden+prob+gap,,,,,,0.136,0.002,△
2026-05-24,202604010804,4歳以上障害未勝利,5,サングラデーション,0.272,False,maiden+prob+ev,,,,,,0.195,0.077,△
2026-05-24,202604010805,3歳未勝利,16,アースアクシス,0.126,False,maiden+prob+gap,,,,,,0.086,0.04,△
2026-05-24,202604010806,3歳未勝利,6,ウルトラハート,0.172,False,maiden+prob+gap,,,,,,0.162,0.01,△
2026-05-24,202604010807,4歳以上1勝クラス,7,チェルシー,0.112,False,prob+gap,,,,,,0.106,0.007,△
2026-05-24,202604010808,4歳以上1勝クラス,6,セイプリーズ,0.089,False,prob+gap,,,,,,0.085,0.004,△
2026-05-24,202604010809,二王子特別,9,マイネルアレス,0.132,False,prob+gap,,,,,,0.116,0.016,△
2026-05-24,202604010810,火打山特別,7,ビッグドリーム,0.138,False,prob+gap,,,,,,0.106,0.032,△
2026-05-24,202604010811,韋駄天S,14,アメリカンステージ,0.108,False,prob+gap,,,,,,0.085,0.023,△
2026-05-24,202604010812,4歳以上1勝クラス,12,ニシノケンタマン,0.101,False,prob+gap,,,,,,0.097,0.004,△
2026-05-30,202605021101,3歳未勝利,6,ライカ,0.192,False,maiden+prob+gap,,,,,,0.135,0.057,△
2026-05-30,202605021102,3歳未勝利,4,インタノン,0.326,False,maiden,,,,,,0.135,0.191,△
2026-05-30,202605021103,3歳未勝利,4,ワディアルリヤハ,0.424,False,maiden,,,,,,0.243,0.181,△
2026-05-30,202605021104,4歳以上障害未勝利,10,マルディランダ,0.066,False,maiden+prob+gap,,,,,,0.056,0.009,△
2026-05-30,202605021105,3歳未勝利,2,ベアダイヤモンド,0.122,False,maiden+prob+gap,,,,,,0.099,0.023,△
2026-05-30,202605021106,3歳1勝クラス,5,バトルアックス,0.38,True,,False,0,"5→4,5→3,5→1",False,0,0.197,0.183,○
2026-05-30,202605021107,3歳1勝クラス,11,グリオンヴール,0.45,True,,False,0,"11→10,11→13,11→9",False,0,0.313,0.137,◎
2026-05-30,202605021108,4歳以上1勝クラス,1,ベルチュガダン,0.326,True,,False,0,"1→14,1→10,1→9",False,0,0.237,0.089,○
2026-05-30,202605021109,富嶽賞,9,キミハスコール,0.306,False,prob,,,,,,0.178,0.128,△
2026-05-30,202605021110,葉山特別,1,クライスレリアーナ,0.335,True,,False,0,"1→8,1→11,1→4",False,0,0.127,0.209,○
2026-05-30,202605021111,アハルテケS,12,ジェイパームス,0.207,False,prob+gap,,,,,,0.199,0.008,△
2026-05-30,202605021112,4歳以上2勝クラス,13,タイセイカイザー,0.635,True,,True,150,"13→3,13→1,13→6",False,0,0.126,0.509,◎
2026-05-30,202608031101,3歳未勝利,14,ニホンピロローカス,0.417,False,maiden,,,,,,0.337,0.08,△
2026-05-30,202608031102,3歳未勝利,1,アメリカンイズム,0.623,False,maiden,,,,,,0.178,0.445,△
2026-05-30,202608031103,3歳未勝利,11,ゴッドアイ,0.186,False,maiden+prob+gap,,,,,,0.181,0.005,△
2026-05-30,202608031104,3歳未勝利,17,ドンテスタマスター,0.088,False,maiden+prob+gap,,,,,,0.086,0.002,△
2026-05-30,202608031105,3歳未勝利,12,サトノアグード,0.643,False,maiden,,,,,,0.16,0.483,△
2026-05-30,202608031106,4歳以上1勝クラス,1,インディゴ,0.315,False,gap,,,,,,0.269,0.045,△
2026-05-30,202608031107,4歳以上1勝クラス,1,ビップディラン,0.118,False,prob+gap,,,,,,0.115,0.003,△
2026-05-30,202608031108,4歳以上2勝クラス,11,メイショウカイト,0.115,False,prob+gap,,,,,,0.111,0.004,△
2026-05-30,202608031109,鳳雛S,5,タガノアバンドーネ,0.271,False,prob,,,,,,0.196,0.075,△
2026-05-30,202608031110,桃山S,12,ペンナヴェローチェ,0.271,False,prob,,,,,,0.147,0.124,△
2026-05-30,202608031111,葵S,9,アンジュプロミス,0.146,False,prob+gap+ev,,,,,,0.144,0.002,△
2026-05-30,202608031112,4歳以上2勝クラス,4,ドンパッショーネ,0.159,False,prob+gap+ev,,,,,,0.15,0.009,△
2026-05-31,202605021201,3歳未勝利,5,エリカビアリッツ,0.13,False,maiden+prob+gap,,,,,,0.112,0.019,△
2026-05-31,202605021202,3歳未勝利,5,グランマエストロ,0.608,False,maiden,,,,,,0.216,0.392,△
2026-05-31,202605021203,3歳未勝利,6,ヴァンデスペランス,0.172,False,maiden+prob+gap,,,,,,0.15,0.022,△
2026-05-31,202605021204,3歳未勝利,12,トランスマーレ,0.271,False,maiden+prob,,,,,,0.102,0.169,△
2026-05-31,202605021205,3歳1勝クラス,2,マジェステラ,0.229,False,prob+gap,,,,,,0.193,0.036,△
2026-05-31,202605021206,4歳以上1勝クラス,6,セイロンジェムズ,0.129,False,prob+gap,,,,,,0.081,0.048,△
2026-05-31,202605021207,4歳以上1勝クラス,5,マックスキュー,0.358,False,ev,,,,,,0.206,0.152,△
2026-05-31,202605021208,青嵐賞,11,アロンズロッド,0.526,True,,False,0,"11→12,11→7,11→2",False,0,0.224,0.302,◎
2026-05-31,202605021209,薫風S,14,メイショウハチロー,0.265,False,prob,,,,,,0.156,0.109,△
2026-05-31,202605021210,むらさき賞,10,ジャサルディア,0.3,False,prob+ev,,,,,,0.189,0.111,△
2026-05-31,202605021211,日本ダービー,17,ロブチェン,0.314,False,prob+ev,,,,,,0.15,0.165,△
2026-05-31,202605021212,目黒記念,6,ウィクトルウェルス,0.211,False,prob+gap+ev,,,,,,0.209,0.001,△
2026-05-31,202608031201,3歳未勝利,8,ウンナターシャ,0.273,False,maiden+prob,,,,,,0.162,0.111,△
2026-05-31,202608031202,3歳未勝利,16,カーリキュー,0.33,False,maiden+gap+ev,,,,,,0.314,0.017,△
2026-05-31,202608031203,3歳未勝利,10,クリノリキオー,0.249,False,maiden+prob+ev,,,,,,0.177,0.072,△
2026-05-31,202608031204,4歳以上障害OP,1,ハイウェイスター,0.088,False,prob+gap,,,,,,0.07,0.018,△
2026-05-31,202608031205,3歳未勝利,3,エアヴァイブス,0.174,False,maiden+prob,,,,,,0.083,0.091,△
2026-05-31,202608031206,3歳1勝クラス,6,メイショウイブキ,0.167,False,prob+gap,,,,,,0.165,0.002,△
2026-05-31,202608031207,4歳以上1勝クラス,5,エンスエーニョ,0.139,False,prob+gap,,,,,,0.124,0.014,△
2026-05-31,202608031208,4歳以上2勝クラス,2,ステラクラウン,0.114,False,prob+gap,,,,,,0.113,0.001,△
2026-05-31,202608031209,與杼特別,7,クロノスバレット,0.205,False,prob+gap,,,,,,0.147,0.058,△
2026-05-31,202608031210,安土城S,12,ヨシノイースター,0.104,False,prob+gap,,,,,,0.097,0.007,△
2026-05-31,202608031211,白百合S,6,ムスクレスト,0.117,False,prob+gap,,,,,,0.087,0.03,△
2026-05-31,202608031212,渡月橋S,15,メイショウセイロウ,0.116,False,prob+gap,,,,,,0.112,0.004,△
2026-06-06,202605030101,3歳以上障害未勝利,7,ブラックシールド,0.082,False,maiden+prob+gap,,,,,,0.071,0.011,△
2026-06-06,202605030102,3歳未勝利,9,アイアンパイク,0.177,False,maiden+prob+gap,,,,,,0.174,0.003,△
2026-06-06,202605030103,3歳未勝利,12,サトノワーグナー,0.246,False,maiden+prob,,,,,,0.13,0.116,△
2026-06-06,202605030104,2歳新馬,6,ニューロファイター,0.143,False,maiden+prob+gap,,,,,,0.125,0.018,△
2026-06-06,202605030105,2歳新馬,1,ウィンターブリーズ,0.132,False,maiden+prob+gap,,,,,,0.124,0.007,△
2026-06-06,202605030106,3歳未勝利,11,ラッキースウィッチ,0.416,False,maiden,,,,,,0.152,0.264,△
2026-06-06,202605030107,3歳未勝利,6,ショウナンマルチ,0.384,False,maiden,,,,,,0.163,0.221,△
2026-06-06,202605030108,3歳以上1勝クラス,3,ヴンダーバール,0.183,False,prob+gap,,,,,,0.183,0.0,△
2026-06-06,202605030109,稲城特別,10,ウップヘリーア,0.254,False,prob+gap,,,,,,0.205,0.049,△
2026-06-06,202605030110,テレビ山梨杯,4,クレパスキュラー,0.267,False,prob,,,,,,0.156,0.111,△
2026-06-06,202605030111,麦秋S,12,スナッピードレッサ,0.555,True,,False,0,"12→15,12→1,12→8",False,0,0.243,0.312,◎
2026-06-06,202605030112,3歳以上1勝クラス,10,ザーフィル,0.891,True,,True,120,"10→16,10→4,10→14",True,1020,0.117,0.773,◎
2026-06-06,202609030101,3歳未勝利,6,ダノンベルビュー,0.343,False,maiden,,,,,,0.253,0.091,△
2026-06-06,202609030102,3歳未勝利,10,ナムラロダン,0.168,False,maiden+prob+gap,,,,,,0.149,0.019,△
2026-06-06,202609030103,3歳未勝利,9,ヤマニンコルザ,0.224,False,maiden+prob+gap+ev,,,,,,0.178,0.046,△
2026-06-06,202609030104,3歳未勝利,12,アンガーザガール,0.155,False,maiden+prob+gap,,,,,,0.148,0.007,△
2026-06-06,202609030105,2歳新馬,3,ロジクラウン,0.131,False,maiden+prob+gap,,,,,,0.075,0.056,△
2026-06-06,202609030106,3歳未勝利,9,レッドフロイデ,0.361,False,maiden+gap,,,,,,0.338,0.023,△
2026-06-06,202609030107,3歳未勝利,2,モンシーク,0.509,False,maiden+ev,,,,,,0.233,0.277,△
2026-06-06,202609030108,3歳以上1勝クラス,8,フウセン,0.183,False,prob+gap,,,,,,0.146,0.037,△
2026-06-06,202609030109,城崎特別,3,カフジエメンタール,0.196,False,prob+gap,,,,,,0.167,0.029,△
2026-06-06,202609030110,加古川特別,5,ドゥラエテルノ,0.385,True,,False,0,"5→6,5→8,5→11",False,0,0.238,0.147,○
2026-06-06,202609030111,垂水S,4,クルミナーレ,0.189,False,prob+gap,,,,,,0.176,0.013,△
2026-06-06,202609030112,3歳以上1勝クラス,2,シュテルンビルト,0.273,False,prob,,,,,,0.112,0.161,△
2026-06-07,202605030201,3歳未勝利,11,テンハートビート,0.087,False,maiden+prob+gap,,,,,,0.061,0.026,△
2026-06-07,202605030202,3歳未勝利,4,アイムスティルミー,0.113,False,maiden+prob+gap,,,,,,0.111,0.002,△
2026-06-07,202605030203,3歳未勝利,7,ウインビギニング,0.547,False,maiden,,,,,,0.085,0.462,△
2026-06-07,202605030204,3歳未勝利,12,ショウナンサイオウ,0.176,False,maiden+prob+gap,,,,,,0.139,0.036,△
2026-06-07,202605030205,2歳新馬,2,ジョドレルバンク,0.889,False,maiden,,,,,,0.175,0.714,△
2026-06-07,202605030206,3歳未勝利,9,ヴィスクレス,0.167,False,maiden+prob,,,,,,0.092,0.075,△
2026-06-07,202605030207,3歳以上1勝クラス,15,ガンバレベアー,0.137,False,prob+gap,,,,,,0.126,0.011,△
2026-06-07,202605030208,3歳以上1勝クラス,2,デスサイズ,0.108,False,prob+gap,,,,,,0.106,0.003,△
2026-06-07,202605030209,香港ジョッキークラブT,6,ゴーラッキー,0.247,False,prob+gap,,,,,,0.184,0.063,△
2026-06-07,202605030210,八王子特別,6,ポッドベル,0.249,False,prob+gap,,,,,,0.217,0.032,△
2026-06-07,202605030211,安田記念,17,トロヴァトーレ,0.313,False,prob,,,,,,0.219,0.094,△
2026-06-07,202605030212,小金井特別,16,ヘリオトロープ,0.374,False,gap,,,,,,0.337,0.037,△
2026-06-07,202609030201,3歳以上障害未勝利,10,フォーディアライフ,0.339,False,maiden+gap+ev,,,,,,0.279,0.06,△
2026-06-07,202609030202,3歳未勝利,10,サリエンテ,0.176,False,maiden+prob+gap,,,,,,0.118,0.058,△
2026-06-07,202609030203,3歳未勝利,4,ウルトラハート,0.148,False,maiden+prob+gap,,,,,,0.146,0.002,△
2026-06-07,202609030204,3歳未勝利,3,ビッグヒーロー,0.322,False,maiden,,,,,,0.144,0.178,△
2026-06-07,202609030205,2歳新馬,9,レゾルーティオ,0.066,False,maiden+prob+gap,,,,,,0.061,0.005,△
2026-06-07,202609030206,3歳未勝利,5,ペガサスジルシ,0.24,False,maiden+prob,,,,,,0.112,0.128,△
2026-06-07,202609030207,3歳以上1勝クラス,16,アロマフェリス,0.167,False,prob+gap,,,,,,0.126,0.041,△
2026-06-07,202609030208,3歳以上1勝クラス,14,ワンコールアウェイ,0.377,True,,True,460,"14→10,14→12,14→17",False,0,0.109,0.268,○
2026-06-07,202609030209,洲本特別,6,コスモストーム,0.111,False,prob+gap,,,,,,0.104,0.007,△
2026-06-07,202609030210,三木特別,5,ジョイエッロ,0.475,True,,False,0,"5→6,5→8,5→9",False,0,0.149,0.327,◎
2026-06-07,202609030211,水無月S,6,アンズアメ,0.22,False,prob,,,,,,0.136,0.085,△
2026-06-07,202609030212,3歳以上1勝クラス,4,アーサーバローズ,0.156,False,prob+gap,,,,,,0.15,0.005,△
2026-06-13,202605030301,3歳未勝利,9,ルージュアリスタ,0.084,False,maiden+prob+gap,,,,,,0.072,0.012,△
2026-06-13,202605030302,3歳未勝利,16,カルダモン,0.262,False,maiden+prob+gap,,,,,,0.25,0.012,△
2026-06-13,202605030303,3歳未勝利,7,メビウスロマンス,0.186,False,maiden+prob+gap,,,,,,0.129,0.057,△
2026-06-13,202605030304,東京JS,10,メイショウソムリエ,0.115,False,prob+gap,,,,,,0.071,0.043,△
2026-06-13,202605030305,2歳新馬,6,ユタライト,0.136,False,maiden+prob+gap,,,,,,0.107,0.029,△
2026-06-13,202605030306,2歳新馬,6,デミアン,0.142,False,maiden+prob+gap,,,,,,0.136,0.006,△
2026-06-13,202605030307,3歳未勝利,10,ハニージョー,0.49,False,maiden,,,,,,0.123,0.367,△
2026-06-13,202605030308,3歳以上1勝クラス,1,インプロペリア,0.153,False,prob+gap,,,,,,0.127,0.026,△
2026-06-13,202605030309,日野特別,14,エイカイソウル,0.212,False,prob+gap,,,,,,0.197,0.016,△
2026-06-13,202605030310,夏至S,12,キャピタルサックス,0.344,True,,False,0,"12→7,12→4,12→8",False,0,0.163,0.181,○
2026-06-13,202605030311,ジューンS,3,カネラフィーナ,0.34,False,gap,,,,,,0.335,0.006,△
2026-06-13,202605030312,3歳以上1勝クラス,3,ラインジーク,0.317,False,prob+ev,,,,,,0.161,0.156,△
2026-06-13,202609030301,3歳未勝利,10,エバイダンス,0.249,False,maiden+prob+gap,,,,,,0.199,0.05,△
2026-06-13,202609030302,3歳未勝利,16,マテンロウアワー,0.324,False,maiden,,,,,,0.138,0.186,△
2026-06-13,202609030303,3歳未勝利,1,ホワイトフレイムス,0.16,False,maiden+prob+gap,,,,,,0.134,0.026,△
2026-06-13,202609030304,3歳未勝利,8,レッドブライトン,0.17,False,maiden+prob+gap,,,,,,0.155,0.015,△
2026-06-13,202609030305,2歳新馬,2,メアグローリア,0.471,False,maiden,,,,,,0.292,0.178,△
2026-06-13,202609030306,2歳新馬,11,ディーヴァレギオン,0.109,False,maiden+prob+gap,,,,,,0.077,0.032,△
2026-06-13,202609030307,3歳以上1勝クラス,13,リヒトミューレ,0.28,False,prob+gap,,,,,,0.266,0.014,△
2026-06-13,202609030308,3歳以上1勝クラス,6,アイニードユー,0.308,False,prob,,,,,,0.152,0.156,△
2026-06-13,202609030309,三田特別,3,ブレットパス,0.363,True,,False,0,"3→4,3→9,3→8",False,0,0.19,0.173,○
2026-06-13,202609030310,安芸特別,14,ヴリトラハン,0.406,True,,False,0,"14→1,14→15,14→8",False,0,0.157,0.249,◎
2026-06-13,202609030311,三宮S,9,グランドプラージュ,0.357,True,,True,170,"9→7,9→6,9→1",False,0,0.25,0.107,○
2026-06-13,202609030312,3歳以上1勝クラス,10,マイケルバローズ,0.199,False,prob,,,,,,0.121,0.078,△
2026-06-13,202602010101,3歳未勝利,10,ディーズメンフィス,0.253,False,maiden+prob,,,,,,0.174,0.079,△
2026-06-13,202602010102,3歳未勝利,11,アンミックス,0.165,False,maiden+prob,,,,,,0.085,0.079,△
2026-06-13,202602010103,3歳未勝利,9,マーゴットオネイロ,0.361,False,maiden,,,,,,0.166,0.194,△
2026-06-13,202602010104,3歳未勝利,14,コスモブラック,0.177,False,maiden+prob+gap,,,,,,0.148,0.028,△
2026-06-13,202602010105,2歳新馬,6,クールストラッチン,0.141,False,maiden+prob+gap,,,,,,0.101,0.04,△
2026-06-13,202602010106,3歳未勝利,11,キセログラフィカ,0.178,False,maiden+prob+gap,,,,,,0.166,0.012,△
2026-06-13,202602010107,3歳以上1勝クラス,6,カイショー,0.148,False,prob+gap,,,,,,0.12,0.028,△
2026-06-13,202602010108,3歳以上1勝クラス,11,デアプリームス,0.156,False,prob+gap,,,,,,0.136,0.019,△
2026-06-13,202602010109,奥尻特別,10,カムアップローゼス,0.133,False,prob+gap,,,,,,0.087,0.047,△
2026-06-13,202602010110,松前特別,3,ハートメテオ,0.108,False,prob+gap,,,,,,0.093,0.015,△
2026-06-13,202602010111,函館スプリントS,3,レイピア,0.194,False,prob+gap,,,,,,0.127,0.068,△
2026-06-13,202602010112,3歳以上1勝クラス,5,ロードアルディート,0.142,False,prob+gap,,,,,,0.13,0.013,△
2026-06-14,202605030401,3歳未勝利,11,スティールヴォーグ,0.173,False,maiden+prob+gap,,,,,,0.166,0.007,△
2026-06-14,202605030402,3歳未勝利,12,サクセスゴールド,0.098,False,maiden+prob+gap,,,,,,0.089,0.009,△
2026-06-14,202605030403,3歳未勝利,9,ヤマニンアレシス,0.141,False,maiden+prob+gap,,,,,,0.104,0.036,△
2026-06-14,202605030404,2歳新馬,4,ディルイーヤ,0.064,False,maiden+prob+gap,,,,,,0.059,0.005,△
2026-06-14,202605030405,2歳新馬,8,ルクスマグナ,0.061,False,maiden+prob+gap,,,,,,0.059,0.003,△
2026-06-14,202605030406,3歳以上1勝クラス,15,レイヒストリコ,0.147,False,prob+gap,,,,,,0.139,0.008,△
2026-06-14,202605030407,3歳以上1勝クラス,8,ジャスティンシカゴ,0.131,False,prob+gap,,,,,,0.118,0.013,△
2026-06-14,202605030408,3歳以上1勝クラス,4,ハクシンブライアン,0.115,False,prob+gap,,,,,,0.114,0.0,△
2026-06-14,202605030409,芦ノ湖特別,10,ルクスジニア,0.09,False,prob+gap,,,,,,0.089,0.001,△
2026-06-14,202605030410,江の島S,6,バレンタインガール,0.125,False,prob+gap,,,,,,0.109,0.015,△
2026-06-14,202605030411,パラダイスS,8,カンシン,0.094,False,prob+gap,,,,,,0.093,0.001,△
2026-06-14,202605030412,3歳以上2勝クラス,10,ミダース,0.151,False,prob+gap,,,,,,0.148,0.004,△
2026-06-14,202609030401,3歳未勝利,13,フィデリス,0.177,False,maiden+prob+gap,,,,,,0.175,0.002,△
2026-06-14,202609030402,3歳未勝利,4,ウイルソン,0.24,False,maiden+prob,,,,,,0.086,0.153,△
2026-06-14,202609030403,3歳未勝利,1,アルジェンタム,0.519,False,maiden+ev,,,,,,0.17,0.349,△
2026-06-14,202609030404,3歳未勝利,8,ラルヴァンダード,0.262,False,maiden+prob+gap+ev,,,,,,0.246,0.016,△
2026-06-14,202609030405,2歳新馬,4,ダイナマイク,0.57,False,maiden,,,,,,0.363,0.207,△
2026-06-14,202609030406,3歳以上1勝クラス,12,レッドレベンディス,0.201,False,prob+gap,,,,,,0.176,0.026,△
2026-06-14,202609030407,3歳以上1勝クラス,9,ナリタエスペランサ,0.207,False,prob+gap,,,,,,0.201,0.007,△
2026-06-14,202609030408,逆瀬川特別,6,アイブリンク,0.206,False,prob+gap,,,,,,0.172,0.034,△
2026-06-14,202609030409,武庫川特別,14,マーゴットミスト,0.12,False,prob+gap,,,,,,0.079,0.04,△
2026-06-14,202609030410,花のみちS,10,アウフヘーベン,0.249,False,prob+ev,,,,,,0.136,0.113,△
2026-06-14,202609030411,宝塚記念,5,クロワデュノール,0.681,True,,False,0,"5→8,5→9,5→15",False,0,0.15,0.531,◎
2026-06-14,202609030412,リボン賞,1,ニューオーリンズ,0.242,False,prob+gap+ev,,,,,,0.203,0.038,△
2026-06-14,202602010201,3歳未勝利,15,マメーアップル,0.125,False,maiden+prob+gap,,,,,,0.07,0.054,△
2026-06-14,202602010202,3歳未勝利,7,テリコス,0.34,False,maiden+gap,,,,,,0.317,0.022,△
2026-06-14,202602010203,3歳未勝利,7,ルクソンライト,0.163,False,maiden+prob,,,,,,0.088,0.075,△
2026-06-14,202602010204,3歳未勝利,1,アイムイン,0.188,False,maiden+prob+gap+ev,,,,,,0.145,0.043,△
2026-06-14,202602010205,2歳新馬,2,アイシテルヨナオミ,0.425,False,maiden,,,,,,0.308,0.117,△
2026-06-14,202602010206,3歳未勝利,2,マテンロウオリジン,0.324,False,maiden+ev,,,,,,0.159,0.165,△
2026-06-14,202602010207,3歳以上1勝クラス,9,テーオーナタリー,0.383,True,,False,0,"9→6,9→10,9→11",False,0,0.276,0.108,○
2026-06-14,202602010208,3歳以上1勝クラス,8,クレセントウイング,0.141,False,prob+gap,,,,,,0.125,0.016,△
2026-06-14,202602010209,八雲特別,5,モンローウォーク,0.56,False,ev,,,,,,0.253,0.307,△
2026-06-14,202602010210,津軽海峡特別,4,ディアウス,0.271,False,prob+ev,,,,,,0.143,0.128,△
2026-06-14,202602010211,函館日刊スポーツ杯,2,マーブルパレス,0.264,False,prob+gap+ev,,,,,,0.263,0.002,△
2026-06-14,202602010212,3歳以上1勝クラス,8,ストラーダ,0.18,False,prob+gap,,,,,,0.151,0.029,△
2026-06-20,202605030501,3歳未勝利,14,ダノンプレサージュ,0.815,False,maiden,,,,,,0.304,0.511,△
2026-06-20,202605030502,3歳未勝利,14,レイズレガシー,0.17,False,maiden+prob+gap,,,,,,0.139,0.031,△
2026-06-20,202605030503,3歳未勝利,10,クレアノア,0.307,False,maiden+prob,,,,,,0.199,0.108,△
2026-06-20,202605030504,2歳新馬,10,ゴールデンハニビー,0.134,False,maiden+prob+gap,,,,,,0.13,0.004,△
2026-06-20,202605030505,2歳新馬,9,コナパームス,0.138,False,maiden+prob+gap,,,,,,0.102,0.036,△
2026-06-20,202605030506,3歳未勝利,5,トルネードアイル,0.525,False,maiden,,,,,,0.138,0.387,△
2026-06-20,202605030507,3歳未勝利,9,ハングローズ,0.428,False,maiden,,,,,,0.118,0.31,△
2026-06-20,202605030508,3歳以上1勝クラス,3,ダノンファンスター,0.3,False,prob,,,,,,0.229,0.071,△
2026-06-20,202605030509,町田特別,3,ピックデムッシュ,0.505,True,,,,"3→7,3→9,3→6",,,0.22,0.285,◎
2026-06-20,202605030510,相模湖特別,8,チムグクル,0.313,False,gap,,,,,,0.277,0.036,△
2026-06-20,202605030511,スレイプニルS,6,タガノバビロン,0.224,False,prob+gap+ev,,,,,,0.168,0.056,△
2026-06-20,202605030512,3歳以上1勝クラス,10,アトミックブレス,0.235,False,prob+gap,,,,,,0.206,0.029,△
2026-06-20,202609030501,3歳以上障害OP,4,オオキニ,0.317,False,gap+ev,,,,,,0.266,0.051,△
2026-06-20,202609030502,3歳未勝利,13,ココロザスノ,0.238,False,maiden+prob,,,,,,0.152,0.086,△
2026-06-20,202609030503,3歳未勝利,6,ウンナターシャ,0.533,False,maiden,,,,,,0.176,0.358,△
2026-06-20,202609030504,3歳未勝利,13,スパルタンエックス,0.099,False,maiden+prob+gap,,,,,,0.082,0.017,△
2026-06-20,202609030505,2歳新馬,7,ティンタアマレラ,0.133,False,maiden+prob+gap,,,,,,0.082,0.051,△
2026-06-20,202609030506,3歳未勝利,16,レッドパラジウム,0.164,False,maiden+prob+gap,,,,,,0.149,0.014,△
2026-06-20,202609030507,3歳以上1勝クラス,14,シルバーリム,0.151,False,prob+gap,,,,,,0.142,0.008,△
2026-06-20,202609030508,3歳以上1勝クラス,4,アスクチャンスマン,0.146,False,prob+gap+ev,,,,,,0.115,0.031,△
2026-06-20,202609030509,舞子特別,10,ワンコールアウェイ,0.387,True,,,,"10→6,10→3,10→5",,,0.163,0.225,○
2026-06-20,202609030510,ストークS,6,サクソンジェンヌ,0.132,False,prob+gap,,,,,,0.132,0.001,△
2026-06-20,202609030511,天保山S,14,ルークススペイ,0.55,True,,,,"14→12,14→3,14→10",,,0.139,0.411,◎
2026-06-20,202609030512,3歳以上1勝クラス,18,リアンマヒナ,0.207,False,prob+gap,,,,,,0.155,0.051,△
2026-06-20,202602010301,3歳未勝利,9,クリオロゴールド,0.281,False,maiden+prob,,,,,,0.091,0.19,△
2026-06-20,202602010302,3歳未勝利,7,コイタマチャン,0.404,False,maiden,,,,,,0.171,0.233,△
2026-06-20,202602010303,3歳未勝利,10,ジャケットポケット,0.181,False,maiden+prob+gap,,,,,,0.136,0.045,△
2026-06-20,202602010304,3歳未勝利,9,ゴールデンダガー,0.188,False,maiden+prob+gap,,,,,,0.162,0.026,△
2026-06-20,202602010305,2歳新馬,6,ソニックアイル,0.109,False,maiden+prob+gap,,,,,,0.073,0.037,△
2026-06-20,202602010306,2歳新馬,1,クラウスーラ,0.098,False,maiden+prob+gap,,,,,,0.072,0.026,△
2026-06-20,202602010307,3歳未勝利,5,ジュラトリー,0.316,False,maiden+prob,,,,,,0.128,0.188,△
2026-06-20,202602010308,3歳以上1勝クラス,7,クイーンレグナント,0.135,False,prob+gap,,,,,,0.072,0.063,△
2026-06-20,202602010309,下北半島特別,2,デルマリシリ,0.118,False,prob+gap,,,,,,0.113,0.005,△
2026-06-20,202602010310,駒ケ岳特別,6,バズアップビート,0.363,True,,,,"6→7,6→1,6→5",,,0.277,0.085,○
2026-06-20,202602010311,STV杯,8,フードマン,0.203,False,prob+gap,,,,,,0.134,0.069,△
2026-06-20,202602010312,3歳以上1勝クラス,4,ディナン,0.768,True,,,,"4→8,4→6,4→9",,,0.398,0.37,◎
2026-06-21,202605030601,3歳以上障害未勝利,11,ゴールデンステップ,0.292,False,maiden+prob,,,,,,0.147,0.145,△
2026-06-21,202605030602,3歳未勝利,2,ダノンマスタング,0.296,False,maiden+prob,,,,,,0.153,0.144,△
2026-06-21,202605030603,3歳未勝利,9,フォンドルレール,0.122,False,maiden+prob+gap,,,,,,0.109,0.013,△
2026-06-21,202605030604,2歳新馬,6,タクティシアン,0.624,False,maiden,,,,,,0.397,0.227,△
2026-06-21,202605030605,2歳新馬,9,ラガリーガ,0.141,False,maiden+prob+gap,,,,,,0.101,0.04,△
2026-06-21,202605030606,3歳未勝利,8,ダノンアスコルティ,0.306,False,maiden+prob+ev,,,,,,0.133,0.173,△
2026-06-21,202605030607,3歳以上1勝クラス,5,ヴンダーバール,0.256,False,prob+gap,,,,,,0.193,0.063,△
2026-06-21,202605030608,3歳以上1勝クラス,15,オルグジェシダ,0.559,True,,,,"15→12,15→9,15→14",,,0.187,0.372,◎
2026-06-21,202605030609,甲州街道特別,8,タカスタカスタカス,0.225,False,prob,,,,,,0.148,0.076,△
2026-06-21,202605030610,多摩川S,9,レッドキングリー,0.234,False,prob+ev,,,,,,0.137,0.097,△
2026-06-21,202605030611,府中牝馬S,6,ヴァルキリーバース,0.336,False,ev,,,,,,0.183,0.152,△
2026-06-21,202605030612,3歳以上1勝クラス,5,カンレイスター,0.138,False,prob+gap,,,,,,0.122,0.017,△
2026-06-21,202609030601,3歳未勝利,3,ゴールドアーチ,0.308,False,maiden+prob,,,,,,0.209,0.099,△
2026-06-21,202609030602,3歳未勝利,5,ジーティーメティオ,0.272,False,maiden+prob,,,,,,0.147,0.125,△
2026-06-21,202609030603,3歳未勝利,1,ジャスティンゴッホ,0.253,False,maiden+prob,,,,,,0.155,0.098,△
2026-06-21,202609030604,3歳未勝利,11,マヤノイマジン,0.085,False,maiden+prob+gap,,,,,,0.079,0.006,△
2026-06-21,202609030605,2歳新馬,8,バクソウシャチョウ,0.138,False,maiden+prob+gap,,,,,,0.075,0.063,△
2026-06-21,202609030606,3歳未勝利,9,ルージュスプリヤ,0.257,False,maiden+prob+ev,,,,,,0.181,0.077,△
2026-06-21,202609030607,3歳以上1勝クラス,12,エイシンマールス,0.242,False,prob+gap,,,,,,0.205,0.037,△
2026-06-21,202609030608,3歳以上1勝クラス,6,コニーアイランド,0.582,True,,,,"6→1,6→2,6→7",,,0.279,0.303,◎
2026-06-21,202609030609,高砂特別,2,ロードガレリア,0.517,True,,,,"2→6,2→4,2→7",,,0.327,0.189,◎
2026-06-21,202609030610,姫路S,9,アカデミア,0.43,True,,,,"9→14,9→3,9→15",,,0.298,0.132,◎
2026-06-21,202609030611,しらさぎS,11,エコロアルバ,0.191,False,prob+gap+ev,,,,,,0.126,0.065,△
2026-06-21,202609030612,3歳以上2勝クラス,12,タガノアバンドーネ,0.92,True,,,,"12→9,12→10,12→11",,,0.098,0.822,◎
2026-06-21,202602010401,3歳未勝利,1,ソルトアイリス,0.302,False,maiden+prob,,,,,,0.173,0.129,△
2026-06-21,202602010402,3歳未勝利,8,ロードステラート,0.449,False,maiden,,,,,,0.25,0.199,△
2026-06-21,202602010403,3歳未勝利,4,マーマレードスカイ,0.091,False,maiden+prob+gap,,,,,,0.064,0.027,△
2026-06-21,202602010404,3歳未勝利,1,ベアサナエチャン,0.236,False,maiden+prob,,,,,,0.129,0.107,△
2026-06-21,202602010405,2歳新馬,4,レインボースター,0.141,False,maiden+prob+gap,,,,,,0.106,0.035,△
2026-06-21,202602010406,3歳未勝利,5,チャーチルデュース,0.247,False,maiden+prob+gap,,,,,,0.188,0.059,△
2026-06-21,202602010407,3歳以上1勝クラス,2,アイムインディ,0.182,False,prob+gap,,,,,,0.129,0.053,△
2026-06-21,202602010408,3歳以上1勝クラス,7,シーズザスローン,0.431,False,ev,,,,,,0.194,0.236,△
2026-06-21,202602010409,遊楽部特別,12,エイカイコバチ,0.121,False,prob+gap,,,,,,0.121,0.0,△
2026-06-21,202602010410,檜山特別,6,チャーリー,0.902,True,,,,"6→8,6→7,6→5",,,0.178,0.724,◎
2026-06-21,202602010411,UHB杯,14,アスティスプマンテ,0.269,False,prob,,,,,,0.137,0.133,△
2026-06-21,202602010412,3歳以上1勝クラス,2,コッツォリーノ,0.481,False,ev,,,,,,0.267,0.214,△
